id;nazwa;info_zab;cena
"39620";"Brother  DR-1030 OPC";"0.0";"0.0"
"39896";"Brother  DR-1050 OPC";"0.0";"0.0"
"40301";"Brother  DR-1090 OPC";"0.0";"0.0"
"39688";"Brother  DR-130 cmyk OPC";"0.0";"0.0"
"39195";"Brother  DR-2000 OPC";"0.0";"0.0"
"39381";"Brother  DR-2005 OPC";"0.0";"0.0"
"39325";"Brother  DR-2100 OPC";"0.0";"0.0"
"39436";"Brother  DR-2200     OPC   drum";"0.0";"0.0"
"39570";"Brother  DR-230 bl OPC";"0.0";"0.0"
"40378";"Brother  DR-230 cmy OPC";"0.0";"0.0"
"39815";"Brother  DR-2300     OPC   drum";"0.0";"0.0"
"40357";"Brother  DR-2400     OPC   drum";"0.0";"0.0"
"24530";"Brother  DR-2401     OPC   drum";"0.0";"0.0"
"39903";"Brother  DR-241 bl  OPC";"ZB";"0.0"
"40379";"Brother  DR-241 cmy  OPC";"ZB";"0.0"
"40663";"Brother  DR-243 black OPC";"0.0";"0.0"
"40664";"Brother  DR-243 cmy OPC";"0.0";"0.0"
"51247";"Brother  DR-248 bl  OPC";"0.0";"0.0"
"51248";"Brother  DR-248 cmy  OPC";"0.0";"0.0"
"50984";"Brother  DR-2510    OPC";"0.0";"0.0"
"50851";"Brother  DR-2590     OPC   drum";"15.0";"15.0"
"47541";"Brother  DR-300 OPC";"0.0";"0.0"
"39263";"Brother  DR-3000 OPC";"0.0";"0.0"
"39227";"Brother  DR-3100 OPC";"ZB";"0.0"
"39506";"Brother  DR-320 cmyk OPC";"40.0";"40.0"
"39396";"Brother  DR-3200 OPC";"0.0";"0.0"
"39721";"Brother  DR-321 cmyk OPC";"40.0";"40.0"
"39564";"Brother  DR-3300 OPC";"ZB";"0.0"
"40033";"Brother  DR-3400 OPC";"0.0";"0.0"
"51537";"Brother  DR-3600P OPC";"0.0";"0.0"
"51332";"Brother  DR-3650P OPC";"0.0";"0.0"
"47647";"Brother  DR-4000 OPC";"0.0";"0.0"
"40263";"Brother  DR-421 cmyk OPC";"5.0";"5.0"
"39984";"Brother  DR-5500 OPC";"0.0";"0.0"
"39262";"Brother  DR-6000 OPC";"0.0";"0.0"
"39219";"Brother  DR-7000 OPC";"0.0";"0.0"
"48267";"Brother  DR-720";"0.0";"0.0"
"47529";"Brother  DR-8000 OPC";"0.0";"0.0"
"51846";"Brother  DR-821CL OPC";"0.0";"0.0"
"52008";"Brother  DR-824CL OPC";"0.0";"0.0"
"40367";"Brother  DR-B023 OPC";"0.0";"0.0"
"51901";"Brother  TL-5120";"0.0";"0.0"
"48274";"Brother  TN-04 CMYK";"0.0";"0.0"
"40584";"Brother  TN-1000";"ZB";"0.0"
"39616";"Brother  TN-1030";"3.0";"3.0"
"47835";"Brother  TN-1030 NV";"0.0";"0.0"
"39617";"Brother  TN-1030 START";"0.0";"0.0"
"39897";"Brother  TN-1050";"0.0";"0.0"
"40038";"Brother  TN-1050 START";"0.0";"0.0"
"40207";"Brother  TN-1090";"0.0";"0.0"
"51776";"Brother  TN-119";"0.0";"0.0"
"51775";"Brother  TN-119 START";"0.0";"0.0"
"39297";"Brother  TN-130/135  black";"0.0";"0.0"
"40380";"Brother  TN-130/135  cyan";"0.0";"0.0"
"40382";"Brother  TN-130/135  magenta";"0.0";"0.0"
"40381";"Brother  TN-130/135  yellow";"0.0";"0.0"
"39214";"Brother  TN-2000";"0.0";"0.0"
"47671";"Brother  TN-2000 NV";"0.0";"0.0"
"39367";"Brother  TN-2000 START";"0.0";"0.0"
"47619";"Brother  TN-2005";"0.0";"0.0"
"47735";"Brother  TN-2005 NV";"0.0";"0.0"
"39460";"Brother  TN-2005 START";"0.0";"0.0"
"39462";"Brother  TN-2010";"0.0";"0.0"
"39499";"Brother  TN-2010 START";"0.0";"0.0"
"39334";"Brother  TN-2110/2120";"5.0";"5.0"
"47685";"Brother  TN-2110/2120 NV";"0.0";"0.0"
"39419";"Brother  TN-2110/2120 START";"0.0";"0.0"
"51351";"Brother  TN-221 black";"0.0";"0.0"
"51352";"Brother  TN-221 cyan";"0.0";"0.0"
"51353";"Brother  TN-221 magenta";"0.0";"0.0"
"51354";"Brother  TN-221 yellow";"0.0";"0.0"
"39422";"Brother  TN-2210/2220";"8.0";"8.0"
"39423";"Brother  TN-2210/2220 START";"0.0";"0.0"
"39368";"Brother  TN-230  START";"0.0";"0.0"
"39414";"Brother  TN-230 black";"0.0";"0.0"
"40383";"Brother  TN-230 cyan";"0.0";"0.0"
"40384";"Brother  TN-230 magenta";"0.0";"0.0"
"40385";"Brother  TN-230 yellow";"0.0";"0.0"
"40212";"Brother  TN-2310";"8.0";"8.0"
"47851";"Brother  TN-2310/2320 NV";"0.0";"0.0"
"39812";"Brother  TN-2310/2320 START";"0.0";"0.0"
"21197";"Brother  TN-2320";"8.0";"8.0"
"39590";"Brother  TN-241  START";"0.0";"0.0"
"39584";"Brother  TN-241 black";"1.0";"1.0"
"40389";"Brother  TN-241 cyan";"1.0";"1.0"
"40390";"Brother  TN-241 magenta";"1.0";"1.0"
"40391";"Brother  TN-241 yellow";"1.0";"1.0"
"47547";"Brother  TN-2410";"0.0";"0.0"
"40358";"Brother  TN-2410/2420  START";"0.0";"0.0"
"40612";"Brother  TN-2411";"0.0";"0.0"
"40330";"Brother  TN-2411/2421  START";"0.0";"0.0"
"47957";"Brother  TN-242  /  TN-246  START";"ZB";"0.0"
"39918";"Brother  TN-242 black";"0.0";"0.0"
"47551";"Brother  TN-242 cyan";"0.0";"0.0"
"40392";"Brother  TN-242 magenta";"0.0";"0.0"
"40393";"Brother  TN-242 yellow";"0.0";"0.0"
"40613";"Brother  TN-2420";"6.0";"6.0"
"24528";"Brother  TN-2421";"0.0";"0.0"
"51229";"Brother  TN-2424";"0.0";"0.0"
"50797";"Brother  TN-2426";"0.0";"0.0"
"25275";"Brother  TN-243 black";"3.0";"3.0"
"48027";"Brother  TN-243 black START";"0.0";"0.0"
"40649";"Brother  TN-243 cyan";"3.0";"3.0"
"51015";"Brother  TN-243 cyan START";"0.0";"0.0"
"40650";"Brother  TN-243 magenta";"3.0";"3.0"
"51016";"Brother  TN-243 magenta START";"0.0";"0.0"
"25278";"Brother  TN-243 yellow";"3.0";"3.0"
"51017";"Brother  TN-243 yellow START";"0.0";"0.0"
"40394";"Brother  TN-245 cyan";"1.0";"1.0"
"40395";"Brother  TN-245 magenta";"1.0";"1.0"
"40396";"Brother  TN-245 yellow";"1.0";"1.0"
"47553";"Brother  TN-246 black";"0.0";"0.0"
"40422";"Brother  TN-246 cyan";"0.0";"0.0"
"40423";"Brother  TN-246 magenta";"0.0";"0.0"
"40424";"Brother  TN-246 yellow";"0.0";"0.0"
"40660";"Brother  TN-247 black";"3.0";"3.0"
"25334";"Brother  TN-247 cyan";"3.0";"3.0"
"25335";"Brother  TN-247 magenta";"3.0";"3.0"
"40661";"Brother  TN-247 yellow";"3.0";"3.0"
"50886";"Brother  TN-248  START";"0.0";"0.0"
"50873";"Brother  TN-248 black";"5.0";"5.0"
"50874";"Brother  TN-248 cyan";"5.0";"5.0"
"50875";"Brother  TN-248 magenta";"5.0";"5.0"
"51074";"Brother  TN-248 XL black";"5.0";"5.0"
"51109";"Brother  TN-248 XL cyan";"5.0";"5.0"
"51110";"Brother  TN-248 XL magenta";"5.0";"5.0"
"51111";"Brother  TN-248 XL yellow";"5.0";"5.0"
"50876";"Brother  TN-248 yellow";"5.0";"5.0"
"51241";"Brother  TN-249 black";"0.0";"0.0"
"51501";"Brother  TN-249 black START";"0.0";"0.0"
"51242";"Brother  TN-249 cyan";"0.0";"0.0"
"51502";"Brother  TN-249 cyan START";"0.0";"0.0"
"51243";"Brother  TN-249 magenta";"0.0";"0.0"
"51503";"Brother  TN-249 magenta START";"0.0";"0.0"
"51244";"Brother  TN-249 yellow";"0.0";"0.0"
"51504";"Brother  TN-249 yellow START";"0.0";"0.0"
"50853";"Brother  TN-2510";"15.0";"15.0"
"50852";"Brother  TN-2510    START";"0.0";"0.0"
"50877";"Brother  TN-2510XL";"15.0";"15.0"
"51432";"Brother  TN-252 Black";"0.0";"0.0"
"51433";"Brother  TN-252 Cyan";"0.0";"0.0"
"51434";"Brother  TN-252 Magenta";"0.0";"0.0"
"51435";"Brother  TN-252 Yellow";"0.0";"0.0"
"50981";"Brother  TN-2590";"0.0";"0.0"
"50995";"Brother  TN-2590 Start";"0.0";"0.0"
"50982";"Brother  TN-2590 XL";"0.0";"0.0"
"50983";"Brother  TN-2590 XXL";"0.0";"0.0"
"39144";"Brother  TN-3030/3060";"ZB";"0.0"
"39207";"Brother  TN-3130/3170";"0.0";"0.0"
"47682";"Brother  TN-3130/3170 NV";"0.0";"0.0"
"39479";"Brother  TN-3130/3170 START";"0.0";"0.0"
"39475";"Brother  TN-320 / TN-325  cmyk START";"0.0";"0.0"
"39455";"Brother  TN-320 black";"4.0";"4.0"
"40397";"Brother  TN-320 cyan";"4.0";"4.0"
"40398";"Brother  TN-320 magenta";"4.0";"4.0"
"40399";"Brother  TN-320 yellow";"4.0";"4.0"
"39835";"Brother  TN-321 / TN-326  cmyk START";"0.0";"0.0"
"39834";"Brother  TN-321 black";"4.0";"4.0"
"40409";"Brother  TN-321 cyan";"4.0";"4.0"
"40410";"Brother  TN-321 magenta";"4.0";"4.0"
"40411";"Brother  TN-321 yellow";"4.0";"4.0"
"39365";"Brother  TN-3230/3280";"0.0";"0.0"
"47725";"Brother  TN-3230/3280 NV";"0.0";"0.0"
"47699";"Brother  TN-3230/3280 START";"0.0";"0.0"
"39977";"Brother  TN-325 black";"4.0";"4.0"
"40400";"Brother  TN-325 cyan";"4.0";"4.0"
"40401";"Brother  TN-325 magenta";"4.0";"4.0"
"40402";"Brother  TN-325 yellow";"4.0";"4.0"
"40412";"Brother  TN-326 black";"4.0";"4.0"
"40413";"Brother  TN-326 cyan";"4.0";"4.0"
"40414";"Brother  TN-326 magenta";"4.0";"4.0"
"40415";"Brother  TN-326 yellow";"4.0";"4.0"
"47788";"Brother  TN-328  NV";"0.0";"0.0"
"39508";"Brother  TN-328 black";"4.0";"4.0"
"40403";"Brother  TN-328 cyan";"4.0";"4.0"
"40404";"Brother  TN-328 magenta";"4.0";"4.0"
"40405";"Brother  TN-328 yellow";"4.0";"4.0"
"47971";"Brother  TN-329  START";"0.0";"0.0"
"39914";"Brother  TN-329 black";"0.0";"0.0"
"40406";"Brother  TN-329 cyan";"0.0";"0.0"
"40407";"Brother  TN-329 magenta";"0.0";"0.0"
"40408";"Brother  TN-329 yellow";"0.0";"0.0"
"39562";"Brother  TN-3330/3380";"0.0";"0.0"
"47834";"Brother  TN-3330/3380 NV";"0.0";"0.0"
"39563";"Brother  TN-3330/3380 START";"0.0";"0.0"
"39573";"Brother  TN-3390";"0.0";"0.0"
"47873";"Brother  TN-3390 NV";"0.0";"0.0"
"47734";"Brother  TN-3390 START";"0.0";"0.0"
"40211";"Brother  TN-3430";"10.0";"10.0"
"40049";"Brother  TN-3430/3480 START";"0.0";"0.0"
"22001";"Brother  TN-3480";"12.0";"12.0"
"40034";"Brother  TN-3512";"8.0";"8.0"
"40060";"Brother  TN-3512/3520 start";"0.0";"0.0"
"40877";"Brother  TN-3520";"8.0";"8.0"
"47901";"Brother  TN-360";"0.0";"0.0"
"50830";"Brother  TN-3600";"5.0";"5.0"
"51323";"Brother  TN-3600XL";"5.0";"5.0"
"51093";"Brother  TN-3600XXL";"5.0";"5.0"
"50878";"Brother  TN-3610";"10.0";"10.0"
"51575";"Brother  TN-3610xl";"0.0";"0.0"
"51495";"Brother  TN-3650 XLP";"0.0";"0.0"
"51314";"Brother  TN-3650 XXLP";"0.0";"0.0"
"51421";"Brother  TN-3660";"0.0";"0.0"
"52010";"Brother  TN-3660 Start";"0.0";"0.0"
"51333";"Brother  TN-3660 XLP";"0.0";"0.0"
"39170";"Brother  TN-4100";"ZB";"0.0"
"40270";"Brother  TN-421 / 423  START";"0.0";"0.0"
"40264";"Brother  TN-421 black";"5.0";"5.0"
"47552";"Brother  TN-421 cyan";"5.0";"5.0"
"40416";"Brother  TN-421 magenta";"5.0";"5.0"
"40417";"Brother  TN-421 yellow";"5.0";"5.0"
"40418";"Brother  TN-423 black";"5.0";"5.0"
"40419";"Brother  TN-423 cyan";"5.0";"5.0"
"40420";"Brother  TN-423 magenta";"5.0";"5.0"
"40421";"Brother  TN-423 yellow";"5.0";"5.0"
"47982";"Brother  TN-426 black";"0.0";"0.0"
"47983";"Brother  TN-426 cyan";"0.0";"0.0"
"47984";"Brother  TN-426 magenta";"0.0";"0.0"
"50988";"Brother  TN-426 Start";"0.0";"0.0"
"40631";"Brother  TN-426 yellow";"0.0";"0.0"
"49229";"Brother  TN-630";"0.0";"0.0"
"49231";"Brother  TN-630/TN-660 START";"0.0";"0.0"
"39109";"Brother  TN-6300/6600";"0.0";"0.0"
"49230";"Brother  TN-660";"0.0";"0.0"
"48275";"Brother  TN-720";"0.0";"0.0"
"39228";"Brother  TN-7300/7600";"ZB";"0.0"
"49163";"Brother  TN-8000";"0.0";"0.0"
"51388";"Brother  TN-821 black start";"0.0";"0.0"
"51389";"Brother  TN-821 cyan start";"0.0";"0.0"
"51390";"Brother  TN-821 magenta start";"0.0";"0.0"
"51391";"Brother  TN-821 yellow start";"0.0";"0.0"
"50932";"Brother  TN-821XXL black";"0.0";"0.0"
"50933";"Brother  TN-821XXL cyan";"0.0";"0.0"
"50934";"Brother  TN-821XXL magenta";"0.0";"0.0"
"50935";"Brother  TN-821XXL yellow";"0.0";"0.0"
"51667";"Brother  TN-824P black";"0.0";"0.0"
"51855";"Brother  TN-824P black Start";"0.0";"0.0"
"51668";"Brother  TN-824P cyan";"0.0";"0.0"
"51856";"Brother  TN-824P cyan Start";"0.0";"0.0"
"51669";"Brother  TN-824P magenta";"0.0";"0.0"
"51857";"Brother  TN-824P magenta Start";"0.0";"0.0"
"51670";"Brother  TN-824P yellow";"0.0";"0.0"
"51858";"Brother  TN-824P yellow Start";"0.0";"0.0"
"39894";"Brother  TN-900  START";"0.0";"0.0"
"39823";"Brother  TN-900 black";"0.0";"0.0"
"40425";"Brother  TN-900 cyan";"0.0";"0.0"
"40426";"Brother  TN-900 magenta";"0.0";"0.0"
"40427";"Brother  TN-900 yellow";"0.0";"0.0"
"40265";"Brother  TN-910 black";"0.0";"0.0"
"40627";"Brother  TN-910 black  START";"0.0";"0.0"
"40386";"Brother  TN-910 cyan";"0.0";"0.0"
"51746";"Brother  TN-910 cyan  START";"0.0";"0.0"
"40387";"Brother  TN-910 magenta";"0.0";"0.0"
"51747";"Brother  TN-910 magenta START";"0.0";"0.0"
"40388";"Brother  TN-910 yellow";"0.0";"0.0"
"51748";"Brother  TN-910 yellow START";"0.0";"0.0"
"40368";"Brother  TN-B023";"ZB";"0.0"
"47550";"Brother  TN-B023 start";"0.0";"0.0"
"48368";"Brother  WT-220CL";"ZB";"0.0"
"51576";"Brother TN-3505";"0.0";"0.0"
"40581";"Canon  034 DRUM cmyk";"0.0";"0.0"
"41415";"Canon  034 toner black";"0.0";"0.0"
"41416";"Canon  034 toner cyan";"0.0";"0.0"
"41417";"Canon  034 toner magenta";"0.0";"0.0"
"41418";"Canon  034 toner yellow";"0.0";"0.0"
"40268";"Canon  039";"0.0";"0.0"
"40269";"Canon  039H";"0.0";"0.0"
"40359";"Canon  040  black";"2.0";"2.0"
"40360";"Canon  040  cyan";"2.0";"2.0"
"40361";"Canon  040  magenta";"2.0";"2.0"
"40362";"Canon  040  yellow";"2.0";"2.0"
"40363";"Canon  040H  black";"2.0";"2.0"
"40364";"Canon  040H  cyan";"2.0";"2.0"
"40365";"Canon  040H  magenta";"2.0";"2.0"
"40366";"Canon  040H  yellow";"2.0";"2.0"
"40665";"Canon  041";"0.0";"0.0"
"40905";"Canon  041    START";"0.0";"0.0"
"40666";"Canon  041H";"0.0";"0.0"
"40338";"Canon  045 black";"2.5";"2.5"
"40337";"Canon  045 black START";"0.0";"0.0"
"40339";"Canon  045 cyan";"2.5";"2.5"
"51018";"Canon  045 cyan START";"0.0";"0.0"
"40340";"Canon  045 magenta";"2.5";"2.5"
"51019";"Canon  045 magenta START";"0.0";"0.0"
"40341";"Canon  045 yellow";"2.5";"2.5"
"51020";"Canon  045 yellow START";"0.0";"0.0"
"40343";"Canon  045H  cyan";"2.5";"2.5"
"40344";"Canon  045H  magenta";"2.5";"2.5"
"40345";"Canon  045H  yellow";"2.5";"2.5"
"40342";"Canon  045H black";"2.5";"2.5"
"40278";"Canon  046 black";"2.0";"2.0"
"40245";"Canon  046 black START";"0.0";"0.0"
"40279";"Canon  046 cyan";"2.0";"2.0"
"51021";"Canon  046 cyan START";"0.0";"0.0"
"40281";"Canon  046 magenta";"2.0";"2.0"
"51022";"Canon  046 magenta START";"0.0";"0.0"
"40280";"Canon  046 yellow";"2.0";"2.0"
"51023";"Canon  046 yellow START";"0.0";"0.0"
"40333";"Canon  046H  black";"1.0";"1.0"
"40334";"Canon  046H  cyan";"1.0";"1.0"
"40336";"Canon  046H  magenta";"1.0";"1.0"
"40335";"Canon  046H  yellow";"1.0";"1.0"
"41428";"Canon  047";"0.0";"0.0"
"51426";"Canon  047 Start";"0.0";"0.0"
"40690";"Canon  051";"0.0";"0.0"
"48287";"Canon  051  OPC";"0.0";"0.0"
"40691";"Canon  051  START";"0.0";"0.0"
"40692";"Canon  051H";"0.0";"0.0"
"40371";"Canon  052";"4.0";"4.0"
"25866";"Canon  052  START";"0.0";"0.0"
"40372";"Canon  052H";"8.0";"8.0"
"28223";"Canon  054 black";"2.5";"2.5"
"41114";"Canon  054 black START";"0.0";"0.0"
"41115";"Canon  054 cyan";"2.5";"2.5"
"51024";"Canon  054 cyan START";"0.0";"0.0"
"41116";"Canon  054 magenta";"2.5";"2.5"
"51025";"Canon  054 magenta START";"0.0";"0.0"
"41117";"Canon  054 yellow";"2.5";"2.5"
"51026";"Canon  054 yellow START";"0.0";"0.0"
"41118";"Canon  054H black";"2.5";"2.5"
"41119";"Canon  054H cyan";"2.5";"2.5"
"41121";"Canon  054H magenta";"2.5";"2.5"
"41120";"Canon  054H yellow";"2.5";"2.5"
"40888";"Canon  055 black";"2.5";"2.5"
"40887";"Canon  055 black START";"0.0";"0.0"
"40889";"Canon  055 cyan";"2.5";"2.5"
"51090";"Canon  055 cyan START";"0.0";"0.0"
"40890";"Canon  055 magenta";"2.5";"2.5"
"51091";"Canon  055 magenta START";"0.0";"0.0"
"40891";"Canon  055 yellow";"2.5";"2.5"
"51092";"Canon  055 yellow START";"0.0";"0.0"
"51322";"Canon  055/055H CMYK without chip";"0.0";"0.0"
"25789";"Canon  055H black";"1.0";"1.0"
"40892";"Canon  055H cyan";"1.0";"1.0"
"40893";"Canon  055H magenta";"1.0";"1.0"
"40894";"Canon  055H yellow";"1.0";"1.0"
"41150";"Canon  056";"0.0";"0.0"
"41151";"Canon  056H";"0.0";"0.0"
"41440";"Canon  056L";"0.0";"0.0"
"41083";"Canon  057";"0.0";"0.0"
"28158";"Canon  057  START";"0.0";"0.0"
"41084";"Canon  057H";"5.0";"5.0"
"50661";"Canon  064    START";"0.0";"0.0"
"50662";"Canon  064  black";"2.0";"2.0"
"50663";"Canon  064  cyan";"2.0";"2.0"
"50664";"Canon  064  magenta";"2.0";"2.0"
"50665";"Canon  064  yellow";"2.0";"2.0"
"50657";"Canon  064H  black";"2.0";"2.0"
"50658";"Canon  064H  cyan";"2.0";"2.0"
"50659";"Canon  064H  magenta";"2.0";"2.0"
"50660";"Canon  064H  yellow";"2.0";"2.0"
"49183";"Canon  067       cmyk START";"0.0";"0.0"
"49184";"Canon  067 black";"2.5";"2.5"
"49185";"Canon  067 cyan";"2.5";"2.5"
"49186";"Canon  067 magenta";"2.5";"2.5"
"49187";"Canon  067 yellow";"2.5";"2.5"
"49188";"Canon  067H black";"2.5";"2.5"
"49189";"Canon  067H cyan";"2.5";"2.5"
"49190";"Canon  067H magenta";"2.5";"2.5"
"49191";"Canon  067H yellow";"2.5";"2.5"
"49074";"Canon  069       cmyk START";"0.0";"0.0"
"49070";"Canon  069    black";"0.0";"0.0"
"49071";"Canon  069    cyan";"0.0";"0.0"
"49072";"Canon  069    magenta";"0.0";"0.0"
"49073";"Canon  069    yellow";"0.0";"0.0"
"51269";"Canon  069 cmyk without chip";"0.0";"0.0"
"50834";"Canon  069H    black";"2.0";"2.0"
"50835";"Canon  069H    cyan";"2.0";"2.0"
"50836";"Canon  069H    magenta";"2.0";"2.0"
"50837";"Canon  069H    yellow";"2.0";"2.0"
"50788";"Canon  070";"5.0";"5.0"
"50787";"Canon  070      START";"0.0";"0.0"
"50833";"Canon  070H";"15.0";"15.0"
"50896";"Canon  071";"0.0";"0.0"
"50897";"Canon  071      START";"0.0";"0.0"
"50895";"Canon  071H";"0.0";"0.0"
"51526";"Canon  073L";"0.0";"0.0"
"52014";"Canon  3001 black";"0.0";"0.0"
"52015";"Canon  3001 cyan";"0.0";"0.0"
"52016";"Canon  3001 magenta";"0.0";"0.0"
"52017";"Canon  3001 yellow";"0.0";"0.0"
"39991";"Canon  312";"0.0";"0.0"
"47903";"Canon  328";"0.0";"0.0"
"39409";"Canon  701  black";"0.0";"0.0"
"40173";"Canon  701  cyan";"0.0";"0.0"
"40172";"Canon  701  magenta";"0.0";"0.0"
"40171";"Canon  701  yellow";"0.0";"0.0"
"39220";"Canon  703/103/303";"0.0";"0.0"
"39235";"Canon  706";"0.0";"0.0"
"39523";"Canon  707  black";"0.0";"0.0"
"40174";"Canon  707  cyan";"0.0";"0.0"
"40176";"Canon  707  magenta";"0.0";"0.0"
"40175";"Canon  707  yellow";"0.0";"0.0"
"39302";"Canon  708";"0.0";"0.0"
"39677";"Canon  708H";"0.0";"0.0"
"39559";"Canon  710";"0.0";"0.0"
"39560";"Canon  710H";"0.0";"0.0"
"19764";"Canon  711  black";"0.0";"0.0"
"40169";"Canon  711  cyan";"0.0";"0.0"
"40170";"Canon  711  magenta";"0.0";"0.0"
"40168";"Canon  711  yellow";"0.0";"0.0"
"39328";"Canon  712";"0.0";"0.0"
"39904";"Canon  712  START";"0.0";"0.0"
"39507";"Canon  713";"0.0";"0.0"
"40243";"Canon  713  START";"0.0";"0.0"
"39370";"Canon  714";"0.0";"0.0"
"39678";"Canon  715";"0.0";"0.0"
"39457";"Canon  715H";"0.0";"0.0"
"39689";"Canon  716    cmyk  START";"ZB";"0.0"
"19752";"Canon  716  black";"1.0";"1.0"
"40177";"Canon  716  cyan";"1.0";"1.0"
"40178";"Canon  716  magenta";"1.0";"1.0"
"22339";"Canon  716  yellow";"1.0";"1.0"
"22327";"Canon  717  cyan";"ZB";"0.0"
"22340";"Canon  717  magenta";"ZB";"0.0"
"22341";"Canon  717  yellow";"ZB";"0.0"
"39425";"Canon  718    cmyk  START";"ZB";"0.0"
"19871";"Canon  718  black";"0.0";"0.0"
"22343";"Canon  718  cyan";"0.0";"0.0"
"22344";"Canon  718  magenta";"0.0";"0.0"
"22342";"Canon  718  yellow";"0.0";"0.0"
"19650";"Canon  719A";"0.0";"0.0"
"19704";"Canon  719H";"0.0";"0.0"
"39453";"Canon  720";"ZB";"0.0"
"39567";"Canon  723  black";"0.0";"0.0"
"40181";"Canon  723  cyan";"0.0";"0.0"
"40182";"Canon  723  magenta";"0.0";"0.0"
"40180";"Canon  723  yellow";"0.0";"0.0"
"40179";"Canon  723H  black";"0.0";"0.0"
"39902";"Canon  724";"0.0";"0.0"
"39644";"Canon  724H";"0.0";"0.0"
"19799";"Canon  725";"6.0";"6.0"
"39715";"Canon  725  START";"0.0";"0.0"
"39801";"Canon  726";"0.0";"0.0"
"39860";"Canon  726  START";"0.0";"0.0"
"39420";"Canon  728";"0.0";"0.0"
"39421";"Canon  728  START";"0.0";"0.0"
"39604";"Canon  729  black";"1.0";"1.0"
"40183";"Canon  729  cyan";"1.0";"1.0"
"40184";"Canon  729  magenta";"1.0";"1.0"
"40185";"Canon  729  yellow";"1.0";"1.0"
"39861";"Canon  729 black START";"0.0";"0.0"
"51027";"Canon  729 cyan START";"0.0";"0.0"
"51028";"Canon  729 magenta START";"0.0";"0.0"
"51029";"Canon  729 yellow START";"0.0";"0.0"
"39686";"Canon  731    cmyk START";"ZB";"0.0"
"39685";"Canon  731  black";"1.0";"1.0"
"40186";"Canon  731  cyan";"1.0";"1.0"
"40187";"Canon  731  magenta";"1.0";"1.0"
"40188";"Canon  731  yellow";"1.0";"1.0"
"40189";"Canon  731H  black";"1.0";"1.0"
"40066";"Canon  732  black";"2.0";"2.0"
"40190";"Canon  732  cyan";"2.0";"2.0"
"40191";"Canon  732  magenta";"2.0";"2.0"
"40192";"Canon  732  yellow";"2.0";"2.0"
"24115";"Canon  732H  black";"2.0";"2.0"
"21194";"Canon  737";"8.0";"8.0"
"39810";"Canon  737  START";"0.0";"0.0"
"50670";"Canon  C-EXV 11 toner";"0.0";"0.0"
"50671";"Canon  C-EXV 12 toner";"0.0";"0.0"
"47531";"Canon  C-EXV 14 DRUM";"0.0";"0.0"
"48387";"Canon  C-EXV 17 DRUM";"0.0";"0.0"
"47441";"Canon  C-EXV 18 DRUM";"0.0";"0.0"
"25021";"Canon  C-EXV 18 toner";"0.0";"0.0"
"50810";"Canon  C-EXV 20 black";"0.0";"0.0"
"50811";"Canon  C-EXV 20 cyan";"0.0";"0.0"
"50812";"Canon  C-EXV 20 magenta";"0.0";"0.0"
"50813";"Canon  C-EXV 20 yellow";"0.0";"0.0"
"47844";"Canon  C-EXV 21";"ZB";"0.0"
"48388";"Canon  C-EXV 22 DRUM";"0.0";"0.0"
"48389";"Canon  C-EXV 23 DRUM";"0.0";"0.0"
"48759";"Canon  C-EXV 28  DRUM";"0.0";"0.0"
"40257";"Canon  C-EXV 28 black";"0.0";"0.0"
"48756";"Canon  C-EXV 28 cyan";"0.0";"0.0"
"48757";"Canon  C-EXV 28 magenta";"0.0";"0.0"
"48758";"Canon  C-EXV 28 yellow";"0.0";"0.0"
"24050";"Canon  C-EXV 29  DRUM";"0.0";"0.0"
"39990";"Canon  C-EXV 29 black";"0.0";"0.0"
"48760";"Canon  C-EXV 29 cyan";"0.0";"0.0"
"48761";"Canon  C-EXV 29 magenta";"0.0";"0.0"
"48762";"Canon  C-EXV 29 yellow";"0.0";"0.0"
"40262";"Canon  C-EXV 30";"0.0";"0.0"
"49319";"Canon  C-EXV 31 black";"0.0";"0.0"
"49320";"Canon  C-EXV 31 cyan";"0.0";"0.0"
"49321";"Canon  C-EXV 31 magenta";"0.0";"0.0"
"49322";"Canon  C-EXV 31 yellow";"0.0";"0.0"
"48409";"Canon  C-EXV 32  DRUM";"0.0";"0.0"
"39919";"Canon  C-EXV 33";"ZB";"0.0"
"45076";"Canon  C-EXV 34  DRUM";"0.0";"0.0"
"40244";"Canon  C-EXV 34 black";"ZB";"0.0"
"48763";"Canon  C-EXV 34 cyan";"ZB";"0.0"
"51095";"Canon  C-EXV 34 DRUM";"0.0";"0.0"
"48764";"Canon  C-EXV 34 magenta";"ZB";"0.0"
"48765";"Canon  C-EXV 34 yellow";"ZB";"0.0"
"48385";"Canon  C-EXV 35  DRUM";"0.0";"0.0"
"48393";"Canon  C-EXV 35 toner";"0.0";"0.0"
"48768";"Canon  C-EXV 36 toner";"0.0";"0.0"
"40261";"Canon  C-EXV 37";"0.0";"0.0"
"51246";"Canon  C-EXV 37  DRUM";"0.0";"0.0"
"41406";"Canon  C-EXV 38  DRUM";"0.0";"0.0"
"50668";"Canon  C-EXV 38 toner";"0.0";"0.0"
"48408";"Canon  C-EXV 39  DRUM";"0.0";"0.0"
"50669";"Canon  C-EXV 39 toner";"0.0";"0.0"
"40258";"Canon  C-EXV 43";"0.0";"0.0"
"48755";"Canon  C-EXV 47  DRUM";"0.0";"0.0"
"40260";"Canon  C-EXV 47 black";"0.0";"0.0"
"48752";"Canon  C-EXV 47 cyan";"0.0";"0.0"
"48754";"Canon  C-EXV 47 magenta";"0.0";"0.0"
"48753";"Canon  C-EXV 47 yellow";"0.0";"0.0"
"48501";"Canon  C-EXV 48   DRUM";"0.0";"0.0"
"48489";"Canon  C-EXV 48 black";"0.0";"0.0"
"48490";"Canon  C-EXV 48 cyan";"0.0";"0.0"
"48491";"Canon  C-EXV 48 magenta";"0.0";"0.0"
"48492";"Canon  C-EXV 48 yellow";"0.0";"0.0"
"41374";"Canon  C-EXV 49   DRUM";"0.0";"0.0"
"40259";"Canon  C-EXV 49 black";"2.0";"2.0"
"41173";"Canon  C-EXV 49 cyan";"2.0";"2.0"
"41174";"Canon  C-EXV 49 magenta";"2.0";"2.0"
"41175";"Canon  C-EXV 49 yellow";"2.0";"2.0"
"48696";"Canon  C-EXV 50   DRUM";"0.0";"0.0"
"48970";"Canon  C-EXV 50 black";"0.0";"0.0"
"41407";"Canon  C-EXV 51   DRUM";"0.0";"0.0"
"40852";"Canon  C-EXV 51 black";"2.0";"2.0"
"40853";"Canon  C-EXV 51 cyan";"2.0";"2.0"
"40854";"Canon  C-EXV 51 magenta";"2.0";"2.0"
"40855";"Canon  C-EXV 51 yellow";"2.0";"2.0"
"48502";"Canon  C-EXV 52   DRUM";"0.0";"0.0"
"48493";"Canon  C-EXV 52 black";"0.0";"0.0"
"48494";"Canon  C-EXV 52 cyan";"0.0";"0.0"
"48495";"Canon  C-EXV 52 magenta";"0.0";"0.0"
"48496";"Canon  C-EXV 52 yellow";"0.0";"0.0"
"48503";"Canon  C-EXV 53   DRUM";"0.0";"0.0"
"48497";"Canon  C-EXV 53 black";"2.0";"2.0"
"50681";"Canon  C-EXV 54 black";"0.0";"0.0"
"50683";"Canon  C-EXV 54 cyan";"0.0";"0.0"
"50682";"Canon  C-EXV 54 magenta";"0.0";"0.0"
"50684";"Canon  C-EXV 54 yellow";"0.0";"0.0"
"48679";"Canon  C-EXV 55   DRUM";"0.0";"0.0"
"48518";"Canon  C-EXV 55 black";"0.0";"0.0"
"48519";"Canon  C-EXV 55 cyan";"0.0";"0.0"
"48520";"Canon  C-EXV 55 magenta";"0.0";"0.0"
"48521";"Canon  C-EXV 55 yellow";"0.0";"0.0"
"49257";"Canon  C-EXV 58   DRUM";"0.0";"0.0"
"49253";"Canon  C-EXV 58 black";"2.0";"2.0"
"49254";"Canon  C-EXV 58 cyan";"2.0";"2.0"
"49255";"Canon  C-EXV 58 magenta";"2.0";"2.0"
"49256";"Canon  C-EXV 58 yellow";"2.0";"2.0"
"49264";"Canon  C-EXV 59";"0.0";"0.0"
"49267";"Canon  C-EXV 61";"2.0";"2.0"
"49304";"Canon  C-EXV 62";"0.0";"0.0"
"50898";"Canon  C-EXV 63";"0.0";"0.0"
"50989";"Canon  C-EXV 64 black";"2.0";"2.0"
"50990";"Canon  C-EXV 64 cyan";"2.0";"2.0"
"50992";"Canon  C-EXV 64 magenta";"2.0";"2.0"
"50991";"Canon  C-EXV 64 yellow";"2.0";"2.0"
"51662";"Canon  C-EXV 65 black";"0.0";"0.0"
"51663";"Canon  C-EXV 65 cyan";"0.0";"0.0"
"51664";"Canon  C-EXV 65 magenta";"0.0";"0.0"
"51665";"Canon  C-EXV 65 yellow";"0.0";"0.0"
"49358";"Canon  C-EXV 66";"0.0";"0.0"
"51574";"Canon  C-EXV 67";"0.0";"0.0"
"48386";"Canon  C-EXV 71";"0.0";"0.0"
"47843";"Canon  C-EXV 8 DRUM";"0.0";"0.0"
"39301";"Canon  E-30";"0.0";"0.0"
"39714";"Canon  EP-22";"0.0";"0.0"
"40274";"Canon  EP-25";"ZB";"0.0"
"40566";"Canon  EP-26";"ZB";"0.0"
"39158";"Canon  EP-27";"0.0";"0.0"
"39741";"Canon  EP-52";"ZB";"0.0"
"47789";"Canon  EP-72";"ZB";"0.0"
"40567";"Canon  EP-A";"ZB";"0.0"
"39886";"Canon  EP-P";"ZB";"0.0"
"39992";"Canon  FX-1";"ZB";"0.0"
"39157";"Canon  FX-10";"0.0";"0.0"
"39061";"Canon  FX-2";"ZB";"0.0"
"19057";"Canon  FX-3";"ZB";"0.0"
"39069";"Canon  FX-4";"ZB";"0.0"
"39119";"Canon  FX-6";"ZB";"0.0"
"39129";"Canon  FX-7";"ZB";"0.0"
"40579";"Canon  FX-8";"ZB";"0.0"
"39173";"Canon  H";"ZB";"0.0"
"47602";"Canon  M";"ZB";"0.0"
"47828";"Canon  NPG-13  toner";"0.0";"0.0"
"39141";"Canon  T";"0.0";"0.0"
"49284";"Canon  T01  black";"0.0";"0.0"
"49285";"Canon  T01  cyan";"0.0";"0.0"
"49286";"Canon  T01  magenta";"0.0";"0.0"
"49287";"Canon  T01  yellow";"0.0";"0.0"
"41357";"Canon  T03";"0.0";"0.0"
"41197";"Canon  T04 black";"0.0";"0.0"
"41198";"Canon  T04 cyan";"0.0";"0.0"
"41199";"Canon  T04 magenta";"0.0";"0.0"
"41200";"Canon  T04 yellow";"0.0";"0.0"
"41322";"Canon  T06";"0.0";"0.0"
"50942";"Canon  T07 black";"0.0";"0.0"
"50943";"Canon  T07 cyan";"0.0";"0.0"
"50944";"Canon  T07 magenta";"0.0";"0.0"
"50945";"Canon  T07 yellow";"0.0";"0.0"
"48904";"Canon  T08";"0.0";"0.0"
"48907";"Canon  T09 black";"0.0";"0.0"
"48908";"Canon  T09 cyan";"0.0";"0.0"
"48909";"Canon  T09 magenta";"0.0";"0.0"
"48910";"Canon  T09 yellow";"0.0";"0.0"
"49192";"Canon  T10 black";"0.0";"0.0"
"49193";"Canon  T10 cyan";"0.0";"0.0"
"49194";"Canon  T10 magenta";"0.0";"0.0"
"49195";"Canon  T10 yellow";"0.0";"0.0"
"51756";"Canon  T11 black";"0.0";"0.0"
"51998";"Canon  T11 black drum";"0.0";"0.0"
"51757";"Canon  T11 cyan";"0.0";"0.0"
"51999";"Canon  T11 cyan drum";"0.0";"0.0"
"51758";"Canon  T11 magenta";"0.0";"0.0"
"52000";"Canon  T11 magenta drum";"0.0";"0.0"
"51759";"Canon  T11 yellow";"0.0";"0.0"
"52001";"Canon  T11 yellow drum";"0.0";"0.0"
"49297";"Canon  T12 black";"0.0";"0.0"
"49298";"Canon  T12 cyan";"0.0";"0.0"
"49299";"Canon  T12 magenta";"0.0";"0.0"
"49300";"Canon  T12 yellow";"0.0";"0.0"
"50915";"Canon  T13";"0.0";"0.0"
"50913";"Canon  T15";"0.0";"0.0"
"40580";"Canon  W";"0.0";"0.0"
"39331";"Dell  1100";"0.0";"0.0"
"47710";"Dell  1130  B113X";"0.0";"0.0"
"39730";"Dell  1160  B116X  YK1PM";"0.0";"0.0"
"39674";"Dell  1230 cmyk";"0.0";"0.0"
"20593";"Dell  1250 cmyk";"0.0";"0.0"
"39874";"Dell  1260  B126X";"0.0";"0.0"
"39319";"Dell  1320C  cmyk";"0.0";"0.0"
"39271";"Dell  1600 cmyk";"0.0";"0.0"
"39218";"Dell  1700/1710";"0.0";"0.0"
"47774";"Dell  1700/1710 OPC";"0.0";"0.0"
"39267";"Dell  1720";"0.0";"0.0"
"40242";"Dell  1720 OPC";"0.0";"0.0"
"39238";"Dell  1815";"0.0";"0.0"
"40241";"Dell  2130  cmyk";"0.0";"0.0"
"39672";"Dell  2150  cmyk";"0.0";"0.0"
"39778";"Dell  2230 OPC";"0.0";"0.0"
"39717";"Dell  2330 OPC";"0.0";"0.0"
"39332";"Dell  2330/2350";"0.0";"0.0"
"39379";"Dell  2335";"0.0";"0.0"
"39373";"Dell  3100  cmyk";"ZB";"0.0"
"39630";"Dell  3110/3130      cmyk  START";"0.0";"0.0"
"39463";"Dell  3110/3130  black   BIG";"0.0";"0.0"
"48449";"Dell  3110/3130  black   SMALL";"0.0";"0.0"
"48450";"Dell  3110/3130  cyan   BIG";"0.0";"0.0"
"48451";"Dell  3110/3130  cyan   SMALL";"0.0";"0.0"
"48454";"Dell  3110/3130  magenta   BIG";"0.0";"0.0"
"48453";"Dell  3110/3130  magenta   SMALL";"0.0";"0.0"
"48455";"Dell  3110/3130  yellow   BIG";"0.0";"0.0"
"48452";"Dell  3110/3130  yellow   SMALL";"0.0";"0.0"
"40029";"Dell  3760  cmyk";"0.0";"0.0"
"47662";"Dell  5100  cmyk";"0.0";"0.0"
"40564";"Dell  5100 DRUM";"ZB";"0.0"
"39718";"Dell  5110 cmyk";"ZB";"0.0"
"39740";"Dell  5130 cmyk";"0.0";"0.0"
"39777";"Dell  5130 cmyk OPC";"0.0";"0.0"
"39241";"Dell  5210/5310";"0.0";"0.0"
"40303";"Dell  5230 cmyk";"0.0";"0.0"
"39340";"Dell  5330";"ZB";"0.0"
"40025";"Dell  5350";"0.0";"0.0"
"39802";"Dell  5460";"0.0";"0.0"
"47902";"Dell  7130 cmyk";"0.0";"0.0"
"39639";"Dell  B2360 / B3460";"0.0";"0.0"
"39692";"Dell  B2360 / B3460 OPC";"0.0";"0.0"
"39727";"Dell  B2375";"0.0";"0.0"
"20382";"Dell  C2660/2665 cmyk";"0.0";"0.0"
"40275";"Dell  C2660/3760 cmyk DRUM";"0.0";"0.0"
"40563";"Dell  E310";"ZB";"0.0"
"40707";"Dell  E310  OPC";"0.0";"0.0"
"40562";"Dell  E310  START";"ZB";"0.0"
"40300";"Dell  H 625   DRUM";"0.0";"0.0"
"40256";"Dell  H 625 / 825  toner   black";"0.0";"0.0"
"41234";"Dell  H 625 / 825  toner   cyan";"0.0";"0.0"
"41235";"Dell  H 625 / 825  toner   magenta";"0.0";"0.0"
"41236";"Dell  H 625 / 825  toner   yellow";"0.0";"0.0"
"39174";"Dell  M5200";"ZB";"0.0"
"47794";"Dell  P1500   310-3545  7Y610";"0.0";"0.0"
"47793";"Dell  S2500";"0.0";"0.0"
"40558";"Dell  S2810   F9G3N";"ZB";"0.0"
"47753";"Dell  W5300";"0.0";"0.0"
"39862";"Epson  AL-C500  0656-0660   cmyk toner";"0.0";"0.0"
"39863";"Epson  AL-C500  1224-1227   cmyk OPC";"0.0";"0.0"
"40249";"Epson  AL-M400  S050697 S050698 S050699";"0.0";"0.0"
"39307";"Epson  C1100 cmyk 0187-0193";"ZB";"0.0"
"39693";"Epson  C1100 cmyk 1104  OPC";"ZB";"0.0"
"39698";"Epson  C1600 cmyk 0554-0557 A0V3";"ZB";"0.0"
"39785";"Epson  C1700 cmyk 0611-0614";"0.0";"0.0"
"47842";"Epson  C2600 cmyk 0226-0229";"0.0";"0.0"
"39651";"Epson  C2800/3800 cmyk 1158-1163";"0.0";"0.0"
"39831";"Epson  C3000 cmyk 0210-0213";"0.0";"0.0"
"47841";"Epson  C4100 cmyk 0146-0149";"0.0";"0.0"
"47437";"Epson  C9200 cmyk 0474-0477";"0.0";"0.0"
"48028";"Epson  C9300 0602-0609  cmyk toner";"0.0";"0.0"
"47604";"Epson  EPL 5700 0010";"0.0";"0.0"
"47632";"Epson  EPL 5900 0087";"0.0";"0.0"
"39320";"Epson  EPL 6200 0166";"ZB";"0.0"
"47799";"Epson  EPL 6200 S051099  OPC";"0.0";"0.0"
"39694";"Epson  M1400 0652";"0.0";"0.0"
"47919";"Epson  M200 0709";"0.0";"0.0"
"47739";"Epson  M2000 0436 0437";"0.0";"0.0"
"39656";"Epson  M2300/2400  0582/83";"0.0";"0.0"
"39699";"Epson  M2900  0627/30";"0.0";"0.0"
"39925";"Epson  M300 0690/0691";"0.0";"0.0"
"40851";"Epson  M300 drum  S051228   OPC";"0.0";"0.0"
"49080";"Epson  M400      S050698 DRUM";"0.0";"0.0"
"39657";"Epson  M4000    S051173   S051170";"0.0";"0.0"
"47854";"Epson  M8000    S051188";"0.0";"0.0"
"45075";"Epson  N2550    S050290";"ZB";"0.0"
"47798";"Epson  N3000    S051111";"0.0";"0.0"
"51546";"Fuser Mix mono/color";"0.0";"0.0"
"19134";"HP  1010 Q2612A  12A";"0.0";"0.0"
"19049";"HP  1100 C4092A  92A";"0.0";"0.0"
"39111";"HP  1150 Q2624A  24A";"0.0";"0.0"
"39056";"HP  1200 C7115A  15A";"0.0";"0.0"
"39114";"HP  1200 C7115X  15X";"0.0";"0.0"
"39067";"HP  1300 Q2613A  13A";"0.0";"0.0"
"39122";"HP  1300 Q2613X  13X";"0.0";"0.0"
"19180";"HP  1320 Q5949A  49A";"0.0";"0.0"
"39345";"HP  1320 Q5949X  49X";"0.0";"0.0"
"39057";"HP  2100 C4096A  96A";"0.0";"0.0"
"39068";"HP  2300 Q2610A  10A";"0.0";"0.0"
"39175";"HP  2420 Q6511A  11A";"0.0";"0.0"
"39139";"HP  2420 Q6511X  11X";"0.0";"0.0"
"19119";"HP  2500 C9700A  black";"ZB";"0.0"
"22205";"HP  2500 C9701A  cyan";"ZB";"0.0"
"47470";"HP  2500 C9702A  yellow";"ZB";"0.0"
"47471";"HP  2500 C9703A  magenta";"ZB";"0.0"
"39166";"HP  2500 C9704A  OPC";"0.0";"0.0"
"39149";"HP  2550 Q3960A  black      122A";"0.0";"0.0"
"40084";"HP  2550 Q3961A  cyan       122A";"0.0";"0.0"
"40085";"HP  2550 Q3962A  yellow     122A";"0.0";"0.0"
"40086";"HP  2550 Q3963A  magenta  122A";"0.0";"0.0"
"19263";"HP  2550 Q3964A                122A OPC";"0.0";"0.0"
"47918";"HP  2550 Q3970A  black      122A";"0.0";"0.0"
"40087";"HP  2550 Q3971A  cyan       122A";"0.0";"0.0"
"47472";"HP  2550 Q3972A  yellow     122A";"0.0";"0.0"
"40088";"HP  2550 Q3973A  magenta  122A";"0.0";"0.0"
"19258";"HP  2600 Q6000A  black      124A";"0.0";"0.0"
"40089";"HP  2600 Q6001A  cyan       124A";"0.0";"0.0"
"22215";"HP  2600 Q6002A  yellow     124A";"0.0";"0.0"
"22216";"HP  2600 Q6003A  magenta  124A";"0.0";"0.0"
"47590";"HP  2P/3P 92275A   75A";"0.0";"0.0"
"39252";"HP  3000 Q7560A  black      314A";"0.0";"0.0"
"40090";"HP  3000 Q7561A  cyan       314A";"0.0";"0.0"
"40091";"HP  3000 Q7562A  yellow     314A";"0.0";"0.0"
"40092";"HP  3000 Q7563A  magenta  314A";"0.0";"0.0"
"39176";"HP  3500 Q2670A  black      308A";"ZB";"0.0"
"40094";"HP  3500 Q2671A  cyan       309A";"ZB";"0.0"
"40095";"HP  3500 Q2672A  yellow     309A";"ZB";"0.0"
"47473";"HP  3500 Q2673A  magenta  309A";"ZB";"0.0"
"19275";"HP  3600 Q6470A  black      501A";"0.0";"0.0"
"40096";"HP  3600 Q6471A  cyan       501A";"0.0";"0.0"
"40097";"HP  3600 Q6472A  yellow     501A";"0.0";"0.0"
"40098";"HP  3600 Q6473A  magenta  501A";"0.0";"0.0"
"47474";"HP  3700 Q2681A  cyan       311A";"0.0";"0.0"
"47475";"HP  3700 Q2682A  yellow     311A";"0.0";"0.0"
"47476";"HP  3700 Q2683A  magenta  311A";"0.0";"0.0"
"39177";"HP  3800 Q7581A  cyan       503A";"0.0";"0.0"
"22231";"HP  3800 Q7582A  yellow     503A";"0.0";"0.0"
"40099";"HP  3800 Q7583A  magenta  503A";"0.0";"0.0"
"19046";"HP  4/4M 92298A/X 98A/X";"0.0";"0.0"
"39065";"HP  4000 C4127A    27A";"0.0";"0.0"
"39066";"HP  4000 C4127X    27X";"0.0";"0.0"
"39059";"HP  4100 C8161A     61A";"0.0";"0.0"
"39058";"HP  4100 C8161X     61X";"0.0";"0.0"
"19066";"HP  4200 Q1338A   38A";"0.0";"0.0"
"39164";"HP  4250 Q5942A   42A";"0.0";"0.0"
"19203";"HP  4250 Q5942X   42X";"5.0";"5.0"
"39115";"HP  4300 Q1339A   39A";"0.0";"0.0"
"19240";"HP  4345 Q5945A   45A";"0.0";"0.0"
"47613";"HP  4600 C9720A  black       641A";"0.0";"0.0"
"47478";"HP  4600 C9721A  cyan        641A";"0.0";"0.0"
"47479";"HP  4600 C9722A  yellow      641A";"0.0";"0.0"
"47480";"HP  4600 C9723A  magenta   641A";"0.0";"0.0"
"45074";"HP  4700 Q5950/1/2/3         643A  NV";"0.0";"0.0"
"39178";"HP  4700 Q5950A  black       643A";"15.0";"15.0"
"40100";"HP  4700 Q5951A  cyan        643A";"15.0";"15.0"
"40101";"HP  4700 Q5952A  yellow      643A";"15.0";"15.0"
"40102";"HP  4700 Q5953A  magenta   643A";"15.0";"15.0"
"22109";"HP  4730 Q6460/1/2/3        644A  NV";"0.0";"0.0"
"39183";"HP  4730 Q6460A  black      644A";"0.0";"0.0"
"40103";"HP  4730 Q6461A  cyan       644A";"0.0";"0.0"
"40104";"HP  4730 Q6462A  yellow     644A";"0.0";"0.0"
"40105";"HP  4730 Q6463A  magenta  644A";"0.0";"0.0"
"39063";"HP  4L     92274A   74A";"0.0";"0.0"
"39060";"HP  5000 C4129X    29X";"0.0";"0.0"
"39258";"HP  5025 Q7570A   70A";"0.0";"0.0"
"39244";"HP  5200 Q7516A   16A";"0.0";"0.0"
"39154";"HP  5500 C9730A  black      645A";"5.0";"5.0"
"40106";"HP  5500 C9731A  cyan       645A";"5.0";"5.0"
"40107";"HP  5500 C9732A  yellow     645A";"5.0";"5.0"
"40108";"HP  5500 C9733A  magenta  645A";"5.0";"5.0"
"19048";"HP  5L     C3906A   06A";"0.0";"0.0"
"39055";"HP  5P      C3903A  03A";"0.0";"0.0"
"39064";"HP  5Si  C3909A/X   09A/X";"0.0";"0.0"
"47589";"HP  8100 C4182X    82X";"0.0";"0.0"
"39142";"HP  9000 C8543X    43X";"25.0";"25.0"
"24077";"HP  C8550  black  HP 9500      822A";"0.0";"0.0"
"24078";"HP  C8551  cyan  HP 9500       822A";"0.0";"0.0"
"24079";"HP  C8552  yellow  HP 9500      822A";"0.0";"0.0"
"24080";"HP  C8553  magenta  HP 9500   822A";"0.0";"0.0"
"40232";"HP  C8560  black  HP 9500      822A  OPC";"0.0";"0.0"
"47515";"HP  C8561  cyan  HP 9500       822A  OPC";"0.0";"0.0"
"40233";"HP  C8562  yellow  HP 9500     822A  OPC";"0.0";"0.0"
"47516";"HP  C8563  magenta  HP 9500    822A  OPC";"0.0";"0.0"
"39329";"HP  CB380A  black       823A";"0.0";"0.0"
"40109";"HP  CB381A  cyan        824A";"0.0";"0.0"
"40110";"HP  CB382A  yellow      824A";"0.0";"0.0"
"40111";"HP  CB383A  magenta   824A";"0.0";"0.0"
"47783";"HP  CB384A  black       824A  OPC";"0.0";"0.0"
"47481";"HP  CB385A  cyan        824A  OPC";"0.0";"0.0"
"47482";"HP  CB386A  yellow      824A  OPC";"0.0";"0.0"
"47483";"HP  CB387A  magenta   824A  OPC";"0.0";"0.0"
"39384";"HP  CB390A  black       825A";"0.0";"0.0"
"48653";"HP  CB400/1/2/3      642A NV";"0.0";"0.0"
"39298";"HP  CB400A  black       642A";"15.0";"15.0"
"47484";"HP  CB401A  cyan        642A";"15.0";"15.0"
"40112";"HP  CB402A  yellow      642A";"15.0";"15.0"
"40113";"HP  CB403A  magenta   642A";"15.0";"15.0"
"19437";"HP  CB435A       35A";"0.0";"0.0"
"39397";"HP  CB435A       35A START";"0.0";"0.0"
"39259";"HP  CB436A       36A";"0.0";"0.0"
"39410";"HP  CB436A       36A START";"0.0";"0.0"
"51383";"HP  CB458A CP6015/CM6030/CM6040 fuser";"0.0";"0.0"
"39356";"HP  CB540/1/2/3         125A START";"0.0";"0.0"
"39452";"HP  CB540A  black       125A";"1.0";"1.0"
"40114";"HP  CB541A  cyan        125A";"1.0";"1.0"
"40115";"HP  CB542A  yellow      125A";"1.0";"1.0"
"40116";"HP  CB543A  magenta   125A";"1.0";"1.0"
"39268";"HP  CC364A       64A";"0.0";"0.0"
"19438";"HP  CC364X       64X";"0.0";"0.0"
"19642";"HP  CC530/1/2/3         304A START";"ZB";"0.0"
"19756";"HP  CC530A  black       304A";"0.0";"0.0"
"21526";"HP  CC531A  cyan        304A";"0.0";"0.0"
"22257";"HP  CC532A  yellow      304A";"0.0";"0.0"
"22258";"HP  CC533A  magenta   304A";"0.0";"0.0"
"39735";"HP  CE250/1/2/3         504A START";"0.0";"0.0"
"39292";"HP  CE250A  black       504A";"0.0";"0.0"
"19729";"HP  CE250X  black       504X";"0.0";"0.0"
"40117";"HP  CE251A  cyan        504A";"0.0";"0.0"
"40193";"HP  CE252A  yellow      504A";"0.0";"0.0"
"40194";"HP  CE253A  magenta   504A";"0.0";"0.0"
"40904";"HP  CE254A TONER COLLECTION UNIT";"0.0";"0.0"
"19580";"HP  CE255A       55A";"0.0";"0.0"
"19581";"HP  CE255X       55X";"0.0";"0.0"
"39383";"HP  CE260A  black       647A";"0.0";"0.0"
"39556";"HP  CE260X  black       649X";"0.0";"0.0"
"40118";"HP  CE261A  cyan        648A";"0.0";"0.0"
"40119";"HP  CE262A  yellow      648A";"0.0";"0.0"
"40120";"HP  CE263A  magenta   648A";"0.0";"0.0"
"19853";"HP  CE264X  black       646X";"0.0";"0.0"
"45072";"HP  CE270/1/2/3         650A NV";"0.0";"0.0"
"40040";"HP  CE270A  black       650A";"5.0";"5.0"
"39431";"HP  CE271A  cyan        650A";"5.0";"5.0"
"40121";"HP  CE272A  yellow      650A";"5.0";"5.0"
"40122";"HP  CE273A  magenta   650A";"5.0";"5.0"
"19633";"HP  CE278A       78A";"0.0";"0.0"
"19665";"HP  CE278A       78A START";"0.0";"0.0"
"19628";"HP  CE285A       85A";"6.0";"6.0"
"19662";"HP  CE285A       85A START";"0.0";"0.0"
"39411";"HP  CE310A black       126A";"1.0";"1.0"
"39456";"HP  CE310A black START     126A";"1.0";"1.0"
"40123";"HP  CE311A cyan        126A";"1.0";"1.0"
"51030";"HP  CE311A cyan START     126A";"1.0";"1.0"
"40124";"HP  CE312A yellow      126A";"1.0";"1.0"
"51031";"HP  CE312A yellow START     126A";"1.0";"1.0"
"40125";"HP  CE313A magenta   126A";"1.0";"1.0"
"51032";"HP  CE313A magenta START     126A";"1.0";"1.0"
"39771";"HP  CE314A                 126A OPC";"0.0";"0.0"
"39418";"HP  CE320/1/2/3         128A START";"0.0";"0.0"
"39385";"HP  CE320A  black       128A";"1.0";"1.0"
"40126";"HP  CE321A  cyan        128A";"1.0";"1.0"
"40127";"HP  CE322A  yellow      128A";"1.0";"1.0"
"40128";"HP  CE323A  magenta   128A";"1.0";"1.0"
"47909";"HP  CE340/1/2/3        651A  NV";"0.0";"0.0"
"20156";"HP  CE340A  black      651A";"5.0";"5.0"
"40129";"HP  CE341A  cyan       651A";"5.0";"5.0"
"40130";"HP  CE342A  yellow     651A";"5.0";"5.0"
"22273";"HP  CE343A  magenta  651A";"5.0";"5.0"
"39449";"HP  CE390A       90A";"2.0";"2.0"
"19750";"HP  CE390X       90X";"10.0";"10.0"
"47738";"HP  CE400/1/2/3         507A START";"0.0";"0.0"
"39473";"HP  CE400A  black       507A";"2.0";"2.0"
"39472";"HP  CE400X  black       507X";"2.0";"2.0"
"40131";"HP  CE401A  cyan        507A";"2.0";"2.0"
"22275";"HP  CE402A  yellow      507A";"2.0";"2.0"
"22276";"HP  CE403A  magenta   507A";"2.0";"2.0"
"19819";"HP  CE410/1/2/3        305A START";"0.0";"0.0"
"19807";"HP  CE410A  black      305A";"0.0";"0.0"
"39517";"HP  CE410X  black      305X";"0.0";"0.0"
"40132";"HP  CE411A  cyan       305A";"0.0";"0.0"
"40133";"HP  CE412A  yellow     305A";"0.0";"0.0"
"40134";"HP  CE413A  magenta  305A";"0.0";"0.0"
"19479";"HP  CE505A       05A";"0.0";"0.0"
"19505";"HP  CE505X       05X";"0.0";"0.0"
"39915";"HP  CE740/1/2/3         307A  NV";"0.0";"0.0"
"40039";"HP  CE740A  black       307A";"5.0";"5.0"
"39603";"HP  CE741A  cyan        307A";"5.0";"5.0"
"40135";"HP  CE742A  yellow      307A";"5.0";"5.0"
"40136";"HP  CE743A  magenta   307A";"5.0";"5.0"
"47745";"HP  CF031/3/3           646A START";"0.0";"0.0"
"19926";"HP  CF031A  cyan       646A";"0.0";"0.0"
"22282";"HP  CF032A  yellow     646A";"0.0";"0.0"
"40137";"HP  CF033A  magenta  646A";"0.0";"0.0"
"39558";"HP  CF210/1/2/3         131A START";"0.0";"0.0"
"39553";"HP  CF210A  black       131A";"1.0";"1.0"
"39576";"HP  CF210X  black       131X";"1.0";"1.0"
"40138";"HP  CF211A  cyan        131A";"1.0";"1.0"
"40139";"HP  CF212A  yellow      131A";"1.0";"1.0"
"40140";"HP  CF213A  magenta   131A";"1.0";"1.0"
"39623";"HP  CF214A       14A";"0.0";"0.0"
"39624";"HP  CF214X       14X";"0.0";"0.0"
"21993";"HP  CF217A       17A";"0.0";"0.0"
"40070";"HP  CF217A       17A  START";"0.0";"0.0"
"49124";"HP  CF218A       18A";"0.0";"0.0"
"40064";"HP  CF219A       19A  DRUM";"0.0";"0.0"
"21543";"HP  CF226A       26A";"4.0";"4.0"
"21544";"HP  CF226X       26X";"8.0";"8.0"
"47467";"HP  CF228A       28A";"0.0";"0.0"
"47468";"HP  CF228X       28X";"0.0";"0.0"
"21994";"HP  CF230A       30A";"0.0";"0.0"
"40217";"HP  CF230A       30A START";"0.0";"0.0"
"21995";"HP  CF230X       30X";"0.0";"0.0"
"40206";"HP  CF232A       32A  DRUM";"0.0";"0.0"
"47548";"HP  CF233A       33A";"0.0";"0.0"
"47549";"HP  CF234A       34A   DRUM";"0.0";"0.0"
"22369";"HP  CF237A       37A";"0.0";"0.0"
"40196";"HP  CF237X       37X";"10.0";"10.0"
"40377";"HP  CF237Y       37Y";"0.0";"0.0"
"24596";"HP  CF244A       44A";"0.0";"0.0"
"24978";"HP  CF244A       44A   START";"0.0";"0.0"
"41359";"HP  CF256A       56A";"0.0";"0.0"
"41360";"HP  CF256X       56X";"0.0";"0.0"
"48652";"HP  CF257A         57A  DRUM";"0.0";"0.0"
"48160";"HP  CF258A       58A";"0.0";"0.0"
"48161";"HP  CF258X       58X";"0.0";"0.0"
"40840";"HP  CF259A       59A";"2.0";"2.0"
"50966";"HP  CF259A       59A WITHOUT OEM CHIPS";"0.0";"0.0"
"25630";"HP  CF259X       59X";"3.0";"3.0"
"40051";"HP  CF279A       79A";"0.0";"0.0"
"40065";"HP  CF279A       79A   START";"0.0";"0.0"
"19830";"HP  CF280A       80A";"0.0";"0.0"
"19831";"HP  CF280X       80X";"0.0";"0.0"
"39872";"HP  CF281A       81A";"0.0";"0.0"
"21317";"HP  CF281X       81X";"0.0";"0.0"
"20225";"HP  CF283A       83A";"0.0";"0.0"
"20236";"HP  CF283A       83A START";"0.0";"0.0"
"20458";"HP  CF283X       83X";"2.0";"2.0"
"40002";"HP  CF287A       87A";"3.0";"3.0"
"40003";"HP  CF287X       87X";"0.0";"0.0"
"40910";"HP  CF289A        89A  START";"0.0";"0.0"
"40838";"HP  CF289A       89A";"0.0";"0.0"
"40839";"HP  CF289X       89X";"5.0";"5.0"
"40861";"HP  CF289Y       89Y";"0.0";"0.0"
"40694";"HP  CF294A       94A";"0.0";"0.0"
"40695";"HP  CF294A       94A  START";"0.0";"0.0"
"40696";"HP  CF294X       94X";"0.0";"0.0"
"39933";"HP  CF300A  black       827A";"0.0";"0.0"
"40141";"HP  CF301A  cyan        827A";"0.0";"0.0"
"40142";"HP  CF302A  yellow      827A";"0.0";"0.0"
"40143";"HP  CF303A  magenta   827A";"0.0";"0.0"
"39934";"HP  CF310A  black       826A";"0.0";"0.0"
"40144";"HP  CF311A  cyan        826A";"0.0";"0.0"
"47485";"HP  CF312A  yellow      826A";"0.0";"0.0"
"40145";"HP  CF313A  magenta   826A";"0.0";"0.0"
"39821";"HP  CF320A  black       652A";"0.0";"0.0"
"40146";"HP  CF320X  black       653X";"0.0";"0.0"
"40147";"HP  CF321A  cyan        653A";"0.0";"0.0"
"40148";"HP  CF322A  yellow      653A";"0.0";"0.0"
"40149";"HP  CF323A  magenta   653A";"0.0";"0.0"
"39760";"HP  CF325X       25X";"0.0";"0.0"
"39822";"HP  CF330X  black       654X";"0.0";"0.0"
"40150";"HP  CF331A  cyan        654A";"0.0";"0.0"
"40151";"HP  CF332A  yellow      654A";"0.0";"0.0"
"40152";"HP  CF333A  magenta   654A";"0.0";"0.0"
"39737";"HP  CF350/1/2/3         130A START";"0.0";"0.0"
"39736";"HP  CF350A black       130A";"1.0";"1.0"
"40153";"HP  CF351A cyan        130A";"1.0";"1.0"
"51033";"HP  CF351A cyan START     130A";"0.0";"0.0"
"40154";"HP  CF352A yellow      130A";"1.0";"1.0"
"51034";"HP  CF352A yellow START     130A";"0.0";"0.0"
"40155";"HP  CF353A magenta   130A";"1.0";"1.0"
"51035";"HP  CF353A magenta START     130A";"0.0";"0.0"
"40009";"HP  CF358A  black       828A  OPC";"0.0";"0.0"
"40158";"HP  CF359A  cyan        828A  OPC";"0.0";"0.0"
"40028";"HP  CF360A  black       508A";"5.0";"5.0"
"39916";"HP  CF360X  black       508X";"5.0";"5.0"
"22306";"HP  CF361A  cyan        508A";"5.0";"5.0"
"40159";"HP  CF361X  cyan        508X";"5.0";"5.0"
"40160";"HP  CF362A  yellow      508A";"5.0";"5.0"
"40161";"HP  CF362X  yellow      508X";"5.0";"5.0"
"40162";"HP  CF363A  magenta   508A";"5.0";"5.0"
"40163";"HP  CF363X  magenta   508X";"5.0";"5.0"
"40156";"HP  CF364A  yellow      828A  OPC";"0.0";"0.0"
"40157";"HP  CF365A  magenta   828A  OPC";"0.0";"0.0"
"39729";"HP  CF380/1/2/3         312A  START";"0.0";"0.0"
"39728";"HP  CF380A  black       312A";"0.0";"0.0"
"21282";"HP  CF380X  black       312X";"0.0";"0.0"
"22312";"HP  CF381A  cyan        312A";"0.0";"0.0"
"22313";"HP  CF382A  yellow      312A";"0.0";"0.0"
"22314";"HP  CF383A  magenta   312A";"0.0";"0.0"
"21437";"HP  CF400A black       201A";"2.5";"2.5"
"39917";"HP  CF400A black START     201A";"0.0";"0.0"
"40027";"HP  CF400X black       201X";"2.5";"2.5"
"22315";"HP  CF401A cyan        201A";"2.5";"2.5"
"51036";"HP  CF401A cyan START     201A";"0.0";"0.0"
"40165";"HP  CF401X cyan        201X";"2.5";"2.5"
"22316";"HP  CF402A yellow      201A";"2.5";"2.5"
"51037";"HP  CF402A yellow START     201A";"0.0";"0.0"
"40166";"HP  CF402X yellow      201X";"2.5";"2.5"
"40164";"HP  CF403A magenta   201A";"2.5";"2.5"
"51038";"HP  CF403A magenta START     201A";"0.0";"0.0"
"40167";"HP  CF403X magenta   201X";"2.5";"2.5"
"21598";"HP  CF410A  black      410A";"2.5";"2.5"
"21724";"HP  CF410A  black START  410A";"0.0";"0.0"
"21967";"HP  CF410X  black      410X";"0.0";"0.0"
"22321";"HP  CF411A  cyan       410A";"2.5";"2.5"
"51405";"HP  CF411A  cyan START  410A";"0.0";"0.0"
"22324";"HP  CF411X  cyan       410X";"0.0";"0.0"
"22322";"HP  CF412A  yellow     410A";"2.5";"2.5"
"51407";"HP  CF412A  yellow START  410A";"0.0";"0.0"
"22325";"HP  CF412X  yellow     410X";"0.0";"0.0"
"22323";"HP  CF413A  magenta  410A";"2.5";"2.5"
"51406";"HP  CF413A  magenta START  410A";"0.0";"0.0"
"22326";"HP  CF413X  magenta  410X";"0.0";"0.0"
"24175";"HP  CF450A  black      655A";"0.0";"0.0"
"40252";"HP  CF451A  cyan       655A";"0.0";"0.0"
"40253";"HP  CF452A  yellow     655A";"0.0";"0.0"
"40254";"HP  CF453A  magenta  655A";"0.0";"0.0"
"48309";"HP  CF460/1/2/3        656A  START";"0.0";"0.0"
"40294";"HP  CF460X  black      656X";"0.0";"0.0"
"40295";"HP  CF461X  cyan      656X";"0.0";"0.0"
"40296";"HP  CF462X  yellow      656X";"0.0";"0.0"
"40297";"HP  CF463X  magenta      656X";"0.0";"0.0"
"40197";"HP  CF470X  black      657X";"0.0";"0.0"
"40198";"HP  CF471X  cyan       657X";"0.0";"0.0"
"40199";"HP  CF472X  yellow     657X";"0.0";"0.0"
"40200";"HP  CF473X  magenta  657X";"0.0";"0.0"
"48029";"HP  CF500/1/2/3       202A  START";"0.0";"0.0"
"40856";"HP  CF500A  black     202A";"2.5";"2.5"
"40857";"HP  CF500X  black     202X";"2.5";"2.5"
"48030";"HP  CF501A  cyan      202A";"2.5";"2.5"
"40858";"HP  CF501X  cyan      202X";"2.5";"2.5"
"48031";"HP  CF502A  yellow      202A";"2.5";"2.5"
"40859";"HP  CF502X  yellow      202X";"2.5";"2.5"
"48032";"HP  CF503A  magenta      202A";"2.5";"2.5"
"40860";"HP  CF503X  magenta      202X";"2.5";"2.5"
"48033";"HP  CF510/1/2/3       204A  START";"0.0";"0.0"
"48034";"HP  CF510A  black     204A";"2.5";"2.5"
"48035";"HP  CF511A  cyan      204A";"2.5";"2.5"
"48036";"HP  CF512A  yellow      204A";"2.5";"2.5"
"48037";"HP  CF513A  magenta      204A";"2.5";"2.5"
"40351";"HP  CF530/1/2/3       205A  START";"0.0";"0.0"
"40349";"HP  CF530A  black       205A";"2.5";"2.5"
"24559";"HP  CF531A  cyan        205A";"2.5";"2.5"
"40350";"HP  CF532A  yellow      205A";"2.5";"2.5"
"47546";"HP  CF533A  magenta    205A";"2.5";"2.5"
"24336";"HP  CF540A black       203A";"2.5";"2.5"
"24573";"HP  CF540A black START       203A";"0.0";"0.0"
"40286";"HP  CF540X black       203X";"2.5";"2.5"
"40283";"HP  CF541A cyan        203A";"2.5";"2.5"
"51039";"HP  CF541A cyan START       203A";"0.0";"0.0"
"40287";"HP  CF541X cyan        203X";"2.5";"2.5"
"40284";"HP  CF542A yellow      203A";"2.5";"2.5"
"51040";"HP  CF542A yellow START       203A";"0.0";"0.0"
"40288";"HP  CF542X yellow      203X";"2.5";"2.5"
"40285";"HP  CF543A magenta    203A";"2.5";"2.5"
"51041";"HP  CF543A magenta START       203A";"0.0";"0.0"
"40289";"HP  CF543X magenta    203X";"2.5";"2.5"
"40050";"HP  CZ192A       93A";"0.0";"0.0"
"39212";"HP  Q7551A       51A";"0.0";"0.0"
"19339";"HP  Q7551X       51X";"0.0";"0.0"
"19335";"HP  Q7553A       53A";"0.0";"0.0"
"19336";"HP  Q7553X       53X";"0.0";"0.0"
"51382";"HP  RG5-5155 HP C4198A CLJ4500/4550 fuser";"0.0";"0.0"
"47495";"HP  RM1-1734 Q7503A HP 4700/4730 fuser";"0.0";"0.0"
"47493";"HP  RM1-3146 Q7503A HP 4700/4730 fuser";"0.0";"0.0"
"47494";"HP  RM1-4995 CE506A CP3525/CM3530 fuser";"0.0";"0.0"
"24040";"HP  RM1-5655 CE247A CP4025/CP4525 fuser";"0.0";"0.0"
"51381";"HP  RM1-6082 HP M750 CE978A/CP5525/CE977A fuser";"0.0";"0.0"
"47496";"HP  RM1-7397 CE732A M4555 fuser";"0.0";"0.0"
"47492";"HP  RM1-8156 CE506A CP3525/CM3530 fuser";"0.0";"0.0"
"48266";"HP  RM2-5796  HP M630 fuser";"0.0";"0.0"
"51691";"HP  W1020XC";"0.0";"0.0"
"41451";"HP  W1103A    103A";"ZB";"0.0"
"41369";"HP  W1104A       104A  DRUM";"0.0";"0.0"
"40841";"HP  W1106A       106A";"0.0";"0.0"
"41323";"HP  W1120 drum OPC  120";"0.0";"0.0"
"51690";"HP  W1120A";"0.0";"0.0"
"41450";"HP  W1143A       143A";"0.0";"0.0"
"49268";"HP  W1144A       144A  DRUM";"0.0";"0.0"
"41361";"HP  W1331A       331A";"0.0";"0.0"
"49247";"HP  W1331A       331A  START";"0.0";"0.0"
"41362";"HP  W1331X       331X";"0.0";"0.0"
"48373";"HP  W1332A       332A  DRUM";"0.0";"0.0"
"48650";"HP  W1335A       335A";"0.0";"0.0"
"48651";"HP  W1335X       335X";"0.0";"0.0"
"48767";"HP  W1337X       337X";"0.0";"0.0"
"48526";"HP  W1350A       135A";"0.0";"0.0"
"48528";"HP  W1350A       135A     START";"0.0";"0.0"
"48527";"HP  W1350X       135X";"0.0";"0.0"
"50651";"HP  W1390A       139A";"0.0";"0.0"
"50652";"HP  W1390A       139A     START";"0.0";"0.0"
"50653";"HP  W1390X       139X";"0.0";"0.0"
"48720";"HP  W1420A       142A";"0.0";"0.0"
"49005";"HP  W1420A       142A  START";"0.0";"0.0"
"48306";"HP  W1470A       147A";"0.0";"0.0"
"48307";"HP  W1470X       147X";"5.0";"5.0"
"48308";"HP  W1470Y       147Y";"0.0";"0.0"
"49161";"HP  W1480A       148A";"0.0";"0.0"
"49162";"HP  W1480X       148X";"0.0";"0.0"
"49044";"HP  W1490A       149A";"10.0";"10.0"
"49046";"HP  W1490A       149A  START";"0.0";"0.0"
"49045";"HP  W1490X       149X";"20.0";"20.0"
"51726";"HP  W1500A  150A";"0.0";"0.0"
"48305";"HP  W2000/1/2/3      658A    START";"0.0";"0.0"
"41232";"HP  W2000A black     658A";"5.0";"5.0"
"48304";"HP  W2000X black     658X";"5.0";"5.0"
"41231";"HP  W2001A cyan      658A";"5.0";"5.0"
"48303";"HP  W2001X cyan      658X";"5.0";"5.0"
"45077";"HP  W2002A yellow     658A";"5.0";"5.0"
"48302";"HP  W2002X yellow     658X";"5.0";"5.0"
"45078";"HP  W2003A magenta     658A";"5.0";"5.0"
"48301";"HP  W2003X magenta     658X";"5.0";"5.0"
"41233";"HP  W2004A DRUM    660A";"0.0";"0.0"
"48344";"HP  W2010/1/2/3       659A    START";"0.0";"0.0"
"41324";"HP  W2010A black       659A";"5.0";"5.0"
"48345";"HP  W2010X black       659X";"5.0";"5.0"
"41325";"HP  W2011A cyan       659A";"5.0";"5.0"
"48346";"HP  W2011X cyan       659X";"5.0";"5.0"
"41326";"HP  W2012A yellow       659A";"5.0";"5.0"
"48347";"HP  W2012X yellow       659X";"5.0";"5.0"
"41327";"HP  W2013A magenta       659A";"5.0";"5.0"
"48348";"HP  W2013X magenta       659X";"5.0";"5.0"
"51780";"HP  W2020A black            414A";"0.0";"0.0"
"51788";"HP  W2020A black START     414A";"0.0";"0.0"
"51781";"HP  W2020X black            414X";"0.0";"0.0"
"51782";"HP  W2021A cyan            414A";"0.0";"0.0"
"51789";"HP  W2021A cyan START     414A";"0.0";"0.0"
"51783";"HP  W2021X cyan            414X";"0.0";"0.0"
"51784";"HP  W2022A yellow            414A";"0.0";"0.0"
"51790";"HP  W2022A yellow START     414A";"0.0";"0.0"
"51785";"HP  W2022X yellow            414X";"0.0";"0.0"
"51786";"HP  W2023A magenta            414A";"0.0";"0.0"
"51791";"HP  W2023A magenta START     414A";"0.0";"0.0"
"51787";"HP  W2023X magenta            414X";"0.0";"0.0"
"40842";"HP  W2030A black            415A";"2.5";"2.5"
"40864";"HP  W2030A black START     415A";"0.0";"0.0"
"51266";"HP  W2030A/X CMYK without chip    415A";"0.0";"0.0"
"40846";"HP  W2030X black            415X";"1.0";"1.0"
"40843";"HP  W2031A cyan              415A";"2.5";"2.5"
"51087";"HP  W2031A cyan START     415A";"0.0";"0.0"
"40847";"HP  W2031X cyan              415X";"1.0";"1.0"
"40844";"HP  W2032A yellow           415A";"2.5";"2.5"
"51089";"HP  W2032A yellow START     415A";"0.0";"0.0"
"40848";"HP  W2032X yellow           415X";"1.0";"1.0"
"40845";"HP  W2033A magenta       415A";"2.5";"2.5"
"51088";"HP  W2033A magenta START     415A";"0.0";"0.0"
"40849";"HP  W2033X magenta       415X";"1.0";"1.0"
"48265";"HP  W2070/1/2/3       117A    START";"0.0";"0.0"
"41136";"HP  W2070A black     117A";"0.0";"0.0"
"41137";"HP  W2071A cyan    117A";"0.0";"0.0"
"41138";"HP  W2072A yellow    117A";"0.0";"0.0"
"41139";"HP  W2073A magenta     117A";"0.0";"0.0"
"48399";"HP  W2120/1/2/3       212A    START";"0.0";"0.0"
"48400";"HP  W2120A black       212A";"2.0";"2.0"
"48404";"HP  W2120X black       212X";"2.0";"2.0"
"48401";"HP  W2121A cyan       212A";"2.0";"2.0"
"48405";"HP  W2121X cyan       212X";"2.0";"2.0"
"48402";"HP  W2122A yellow       212A";"2.0";"2.0"
"48406";"HP  W2122X yellow       212X";"2.0";"2.0"
"48403";"HP  W2123A magenta       212A";"2.0";"2.0"
"48407";"HP  W2123X magenta       212X";"2.0";"2.0"
"50822";"HP  W2130/1/2/3       213A    START";"0.0";"0.0"
"50814";"HP  W2130A black       213A";"5.0";"5.0"
"50815";"HP  W2130X black       213X";"5.0";"5.0"
"50816";"HP  W2131A cyan       213A";"5.0";"5.0"
"50817";"HP  W2131X cyan       213X";"5.0";"5.0"
"50820";"HP  W2132A yellow       213A";"5.0";"5.0"
"50821";"HP  W2132X yellow       213X";"5.0";"5.0"
"50818";"HP  W2133A magenta       213A";"5.0";"5.0"
"50819";"HP  W2133X magenta       213X";"5.0";"5.0"
"51827";"HP  W2150X black";"0.0";"0.0"
"51828";"HP  W2151X cyan";"0.0";"0.0"
"51829";"HP  W2152X yellow";"0.0";"0.0"
"51830";"HP  W2153X magenta";"0.0";"0.0"
"51272";"HP  W2190A black 219  START";"0.0";"0.0"
"51275";"HP  W2190A black 219A";"0.0";"0.0"
"51666";"HP  W2190A/X CMYK without chip    219A";"0.0";"0.0"
"51279";"HP  W2190X black 219X";"0.0";"0.0"
"51270";"HP  W2191A cyan 219  START";"0.0";"0.0"
"51274";"HP  W2191A cyan 219A";"0.0";"0.0"
"51278";"HP  W2191X cyan 219X";"0.0";"0.0"
"51271";"HP  W2192A yellow 219  START";"0.0";"0.0"
"51276";"HP  W2192A yellow 219A";"0.0";"0.0"
"51280";"HP  W2192X yellow 219X";"0.0";"0.0"
"51273";"HP  W2193A magenta 219  START";"0.0";"0.0"
"51277";"HP  W2193A magenta 219A";"0.0";"0.0"
"51281";"HP  W2193X magenta 219X";"0.0";"0.0"
"50924";"HP  W2200 black     220A    START";"0.0";"0.0"
"50920";"HP  W2200A black       220A";"5.0";"5.0"
"50928";"HP  W2200X black       220X";"5.0";"5.0"
"50925";"HP  W2201 cyan     220A    START";"0.0";"0.0"
"50921";"HP  W2201A cyan       220A";"5.0";"5.0"
"50929";"HP  W2201X cyan       220X";"5.0";"5.0"
"50926";"HP  W2202 yellow     220A    START";"0.0";"0.0"
"50922";"HP  W2202A yellow      220A";"5.0";"5.0"
"50930";"HP  W2202X yellow       220X";"5.0";"5.0"
"50927";"HP  W2203 magenta     220A    START";"0.0";"0.0"
"50923";"HP  W2203A magenta       220A";"5.0";"5.0"
"50931";"HP  W2203X magenta       220X";"5.0";"5.0"
"41103";"HP  W2210 black     207A    START";"0.0";"0.0"
"41105";"HP  W2210A black       207A";"2.5";"2.5"
"51267";"HP  W2210A/X CMYK without chip    207A/X";"0.0";"0.0"
"41109";"HP  W2210X black       207X";"2.5";"2.5"
"48256";"HP  W2211 cyan     207A    START";"0.0";"0.0"
"41106";"HP  W2211A cyan      207A";"2.5";"2.5"
"41110";"HP  W2211X cyan      207X";"2.5";"2.5"
"48257";"HP  W2212 yellow     207A    START";"0.0";"0.0"
"41107";"HP  W2212A yellow     207A";"2.5";"2.5"
"41111";"HP  W2212X yellow     207X";"2.5";"2.5"
"41104";"HP  W2213 magenta    207A    START";"0.0";"0.0"
"41108";"HP  W2213A magenta     207A";"2.5";"2.5"
"48258";"HP  W2213X magenta     207X";"2.5";"2.5"
"41390";"HP  W2410 cmyk     216A    START";"0.0";"0.0"
"41193";"HP  W2410A black       216A";"2.5";"2.5"
"51268";"HP  W2410A CMYK without chip    216A";"0.0";"0.0"
"48279";"HP  W2411A cyan       216A";"2.5";"2.5"
"48280";"HP  W2412A yellow       216A";"2.5";"2.5"
"48281";"HP  W2413A magenta       216A";"2.5";"2.5"
"49233";"HP  W8007J   134/135";"0.0";"0.0"
"49232";"HP  W8007X   134/135";"0.0";"0.0"
"41391";"HP  W9004MC";"0.0";"0.0"
"41130";"HP  W9005MC";"0.0";"0.0"
"51499";"HP  W9006MC";"0.0";"0.0"
"49047";"HP  W9007MC";"0.0";"0.0"
"41152";"HP  W9008MC";"0.0";"0.0"
"50959";"HP  W9010MC black";"0.0";"0.0"
"50960";"HP  W9011MC cyan";"0.0";"0.0"
"50961";"HP  W9012MC yellow";"0.0";"0.0"
"50962";"HP  W9013MC magenta";"0.0";"0.0"
"40585";"HP  W9014MC";"0.0";"0.0"
"51496";"HP  W9015 MC OPC";"0.0";"0.0"
"41389";"HP  W9017MC";"0.0";"0.0"
"49203";"HP  W9018MC";"0.0";"0.0"
"51249";"HP  W9023MC magenta";"0.0";"0.0"
"41419";"HP  W9024MC";"0.0";"0.0"
"51538";"HP  W9030MC black";"0.0";"0.0"
"51539";"HP  W9031MC cyan";"0.0";"0.0"
"51540";"HP  W9032MC yellow";"0.0";"0.0"
"51541";"HP  W9033MC magenta";"0.0";"0.0"
"41442";"HP  W9037MC";"ZB";"0.0"
"40586";"HP  W9040MC black";"0.0";"0.0"
"41122";"HP  W9041MC cyan";"0.0";"0.0"
"41123";"HP  W9042MC yellow";"0.0";"0.0"
"41124";"HP  W9043MC magenta";"0.0";"0.0"
"48263";"HP  W9044MC drum OPC";"0.0";"0.0"
"41125";"HP  W9050MC black";"0.0";"0.0"
"41126";"HP  W9051MC cyan";"0.0";"0.0"
"41127";"HP  W9052MC yellow";"0.0";"0.0"
"41128";"HP  W9053MC magenta";"0.0";"0.0"
"51245";"HP  W9054 drum OPC";"0.0";"0.0"
"51240";"HP  W9055 drum OPC";"0.0";"0.0"
"51238";"HP  W9065  black";"0.0";"0.0"
"49031";"HP  W9090MC black";"0.0";"0.0"
"49343";"HP  W9091MC cyan";"0.0";"0.0"
"49344";"HP  W9092MC yellow";"0.0";"0.0"
"49345";"HP  W9093MC magenta";"0.0";"0.0"
"51234";"HP  W9130 black";"0.0";"0.0"
"51236";"HP  W9132 yellow";"0.0";"0.0"
"51237";"HP  W9133 magenta";"0.0";"0.0"
"51285";"HP  W9150 MC black";"0.0";"0.0"
"49212";"HP  W9170MC black";"0.0";"0.0"
"51505";"HP  W9171MC  cyan";"0.0";"0.0"
"51506";"HP  W9172MC yellow";"0.0";"0.0"
"51507";"HP  W9173MC magenta";"0.0";"0.0"
"41129";"HP  W9190MC  black";"0.0";"0.0"
"48961";"HP  W9191MC  cyan";"0.0";"0.0"
"48962";"HP  W9192MC  yellow";"0.0";"0.0"
"48963";"HP  W9193MC  magenta";"0.0";"0.0"
"51239";"HP  W9210MC black";"0.0";"0.0"
"51508";"HP  W9211MC cyan";"0.0";"0.0"
"51509";"HP  W9212MC yellow";"0.0";"0.0"
"51510";"HP  W9213MC magenta";"0.0";"0.0"
"49202";"HP  W9215MC  DRUM";"0.0";"0.0"
"49196";"HP  W9220MC  black";"0.0";"0.0"
"49197";"HP  W9221MC  cyan";"0.0";"0.0"
"49198";"HP  W9222MC  yellow";"0.0";"0.0"
"49199";"HP  W9223MC  magenta";"0.0";"0.0"
"50955";"HP  W9240MC  black";"0.0";"0.0"
"50956";"HP  W9241MC  cyan";"0.0";"0.0"
"50957";"HP  W9242MC  yellow";"0.0";"0.0"
"50958";"HP  W9243MC  magenta";"0.0";"0.0"
"47800";"IBM 1116  28P2420";"0.0";"0.0"
"47634";"IBM 1120  28P2494";"0.0";"0.0"
"39447";"IBM 1130  28P2010";"0.0";"0.0"
"47801";"IBM 1312  75P4686";"0.0";"0.0"
"47616";"IBM 1332  75P4303";"0.0";"0.0"
"47802";"IBM 1410  75P5522";"0.0";"0.0"
"39742";"IBM 1412  75P5710";"0.0";"0.0"
"47617";"IBM 1422  75P6052";"0.0";"0.0"
"39256";"IBM 1532  75P6959/61/63";"0.0";"0.0"
"39743";"IBM 1585  75P6877";"0.0";"0.0"
"47655";"IBM 1601  39V1638";"0.0";"0.0"
"47772";"IBM 1612  39V1645 OPC";"0.0";"0.0"
"47670";"IBM 1634  cmyk";"0.0";"0.0"
"51906";"Kartridże do drukarek inne";"0.0";"0.0"
"39130";"Konica Minolta  1300";"ZB";"0.0"
"39196";"Konica Minolta  1300 OPC";"ZB";"0.0"
"39237";"Konica Minolta  1400";"0.0";"0.0"
"47904";"Konica Minolta  1400 OPC";"0.0";"0.0"
"40236";"Konica Minolta  1600w   cmyk  OPC";"0.0";"0.0"
"39371";"Konica Minolta  1600w black";"0.0";"0.0"
"41163";"Konica Minolta  1600w cyan";"0.0";"0.0"
"41164";"Konica Minolta  1600w magenta";"0.0";"0.0"
"41165";"Konica Minolta  1600w yellow";"0.0";"0.0"
"39197";"Konica Minolta  2300";"ZB";"0.0"
"19307";"Konica Minolta  2400";"0.0";"0.0"
"39968";"Konica Minolta  2400 OPC";"0.0";"0.0"
"39598";"Konica Minolta  3100";"0.0";"0.0"
"39955";"Konica Minolta  3350 cmyk A5X0 TNP 48";"0.0";"0.0"
"40329";"Konica Minolta  3350/3380 OPC drum";"0.0";"0.0"
"39597";"Konica Minolta  3730 cmyk  OPC";"0.0";"0.0"
"47436";"Konica Minolta  3730 cmyk  tonery";"0.0";"0.0"
"48269";"Konica Minolta  4600 cmyk";"0.0";"0.0"
"39687";"Konica Minolta  4650/4690  black toner";"0.0";"0.0"
"41398";"Konica Minolta  4650/4690  cyan toner";"0.0";"0.0"
"41399";"Konica Minolta  4650/4690  magenta toner";"0.0";"0.0"
"41400";"Konica Minolta  4650/4690  yellow toner";"0.0";"0.0"
"39641";"Konica Minolta  4650/4690 cmyk  OPC";"0.0";"0.0"
"39705";"Konica Minolta  4750 cmyk C25 / C35  OPC";"ZB";"0.0"
"39605";"Konica Minolta  4750 cmyk C25/C35";"0.0";"0.0"
"39344";"Konica Minolta  5430 cmyk";"0.0";"0.0"
"47937";"Konica Minolta  5550 cmyk  Konica";"0.0";"0.0"
"39825";"Konica Minolta  5550 cmyk toner";"0.0";"0.0"
"47895";"Konica Minolta  5650 cmyk toner";"0.0";"0.0"
"47874";"Konica Minolta  C350  4047-703 OPC";"0.0";"0.0"
"50954";"Konica Minolta  DR-214  C214 OPC";"0.0";"0.0"
"39868";"Konica Minolta  DR-311  C220 OPC";"0.0";"0.0"
"50849";"Konica Minolta  DR-312 drum OPC";"0.0";"0.0"
"40659";"Konica Minolta  DR-313 drum OPC";"0.0";"0.0"
"50903";"Konica Minolta  DR-314 drum OPC";"0.0";"0.0"
"49123";"Konica Minolta  DR-316 drum OPC";"0.0";"0.0"
"50953";"Konica Minolta  DR-321  C224 OPC";"0.0";"0.0"
"49171";"Konica Minolta  DR-331 drum OPC";"0.0";"0.0"
"39671";"Konica Minolta  DR-512 cmyk OPC";"0.0";"0.0"
"39957";"Konica Minolta  DR-612 bl C552/C652 drum";"0.0";"0.0"
"47759";"Konica Minolta  DR-P01 OPC";"ZB";"0.0"
"39614";"Konica Minolta  IU210 C250/252 OPC";"0.0";"0.0"
"39613";"Konica Minolta  IU211 C203-253 OPC black";"0.0";"0.0"
"40623";"Konica Minolta  IU211 C203-253 OPC cyan";"0.0";"0.0"
"40624";"Konica Minolta  IU211 C203-253 OPC magen";"0.0";"0.0"
"40625";"Konica Minolta  IU211 C203-253 OPC yello";"0.0";"0.0"
"40609";"Konica Minolta  IU310 drum OPC";"0.0";"0.0"
"40608";"Konica Minolta  IU410 drum OPC";"0.0";"0.0"
"48635";"Konica Minolta  IUP-34 ACEY01D DRUM bl";"0.0";"0.0"
"51979";"Konica Minolta  IUP-38 DRUM bl";"0.0";"0.0"
"39988";"Konica Minolta  PagePro 3600";"0.0";"0.0"
"39077";"Konica Minolta  PagePro 8";"ZB";"0.0"
"48734";"Konica Minolta  TN-116   toner";"0.0";"0.0"
"47469";"Konica Minolta  TN-210 toner C250/252";"0.0";"0.0"
"40026";"Konica Minolta  TN-213 to C203/C253 cmyk";"0.0";"0.0"
"40036";"Konica Minolta  TN-216 black     C220";"0.0";"0.0"
"41382";"Konica Minolta  TN-216 cyan     C220";"0.0";"0.0"
"41383";"Konica Minolta  TN-216 magenta     C220";"0.0";"0.0"
"41384";"Konica Minolta  TN-216 yellow     C220";"0.0";"0.0"
"41375";"Konica Minolta  TN-221 black";"0.0";"0.0"
"48434";"Konica Minolta  TN-221 cyan";"0.0";"0.0"
"48435";"Konica Minolta  TN-221 magenta";"0.0";"0.0"
"48436";"Konica Minolta  TN-221 yellow";"0.0";"0.0"
"48390";"Konica Minolta  TN-223  cmyk toner";"0.0";"0.0"
"41402";"Konica Minolta  TN-314 toner C353 black";"0.0";"0.0"
"41403";"Konica Minolta  TN-314 toner C353 cyan";"0.0";"0.0"
"41404";"Konica Minolta  TN-314 toner C353 magent";"0.0";"0.0"
"41405";"Konica Minolta  TN-314 toner C353 yellow";"0.0";"0.0"
"41452";"Konica Minolta  TN-319 black C360";"0.0";"0.0"
"41453";"Konica Minolta  TN-319 cyan C360";"0.0";"0.0"
"48441";"Konica Minolta  TN-319 magenta C360";"0.0";"0.0"
"41454";"Konica Minolta  TN-319 yellow C360";"0.0";"0.0"
"40071";"Konica Minolta  TN-321 black C224, C284";"ZB";"0.0"
"41379";"Konica Minolta  TN-321 cyan C224, C284";"0.0";"0.0"
"41380";"Konica Minolta  TN-321 magent C224, C284";"0.0";"0.0"
"41381";"Konica Minolta  TN-321 yellow C224, C284";"0.0";"0.0"
"41448";"Konica Minolta  TN-322";"ZB";"0.0"
"48440";"Konica Minolta  TN-323";"ZB";"0.0"
"41409";"Konica Minolta  TN-324 black";"ZB";"0.0"
"41410";"Konica Minolta  TN-324 cyan";"ZB";"0.0"
"41411";"Konica Minolta  TN-324 magenta";"ZB";"0.0"
"41412";"Konica Minolta  TN-324 yellow";"ZB";"0.0"
"48439";"Konica Minolta  TN-325";"ZB";"0.0"
"48438";"Konica Minolta  TN-326";"ZB";"0.0"
"41370";"Konica Minolta  TN-328 black";"0.0";"0.0"
"41371";"Konica Minolta  TN-328 cyan";"0.0";"0.0"
"41372";"Konica Minolta  TN-328 magenta";"0.0";"0.0"
"41373";"Konica Minolta  TN-328 yellow";"0.0";"0.0"
"48688";"Konica Minolta  TN-330 black";"ZB";"0.0"
"40237";"Konica Minolta  TN-413 toner C452 black";"0.0";"0.0"
"48737";"Konica Minolta  TN-413 toner C452 cyan";"0.0";"0.0"
"48736";"Konica Minolta  TN-413 toner C452 magent";"0.0";"0.0"
"48735";"Konica Minolta  TN-413 toner C452 yellow";"0.0";"0.0"
"48391";"Konica Minolta  TN-414  cmyk toner";"0.0";"0.0"
"22159";"Konica Minolta  TN-512 black";"ZB";"0.0"
"41376";"Konica Minolta  TN-512 cyan";"ZB";"0.0"
"41377";"Konica Minolta  TN-512 magenta";"ZB";"0.0"
"41378";"Konica Minolta  TN-512 yellow";"ZB";"0.0"
"41449";"Konica Minolta  TN-513";"0.0";"0.0"
"41443";"Konica Minolta  TN-514 black";"ZB";"0.0"
"41444";"Konica Minolta  TN-514 cyan";"ZB";"0.0"
"41445";"Konica Minolta  TN-514 magenta";"ZB";"0.0"
"41446";"Konica Minolta  TN-514 yellow";"ZB";"0.0"
"41447";"Konica Minolta  TN-515";"0.0";"0.0"
"48437";"Konica Minolta  TN-516";"0.0";"0.0"
"48395";"Konica Minolta  TN-611 black";"0.0";"0.0"
"48396";"Konica Minolta  TN-611 cyan";"0.0";"0.0"
"48397";"Konica Minolta  TN-611 magenta";"0.0";"0.0"
"48398";"Konica Minolta  TN-611 yellow";"0.0";"0.0"
"48636";"Konica Minolta  TN-626 black";"0.0";"0.0"
"48637";"Konica Minolta  TN-626 cyan";"0.0";"0.0"
"48638";"Konica Minolta  TN-626 magenta";"0.0";"0.0"
"48639";"Konica Minolta  TN-626 yellow";"0.0";"0.0"
"48416";"Konica Minolta  TN-711 black";"0.0";"0.0"
"48417";"Konica Minolta  TN-711 cyan";"0.0";"0.0"
"48418";"Konica Minolta  TN-711 magenta";"0.0";"0.0"
"48419";"Konica Minolta  TN-711 yellow";"0.0";"0.0"
"49269";"Konica Minolta  TN-715 black";"0.0";"0.0"
"49270";"Konica Minolta  TN-715 cyan";"0.0";"0.0"
"49271";"Konica Minolta  TN-715 magenta";"0.0";"0.0"
"49272";"Konica Minolta  TN-715 yellow";"0.0";"0.0"
"47959";"Konica Minolta  TNP-21  cmyk toner";"0.0";"0.0"
"47762";"Konica Minolta  TNP-24  mono toner";"0.0";"0.0"
"39772";"Konica Minolta  TNP-34/35/36   toner";"0.0";"0.0"
"49112";"Konica Minolta  TNP-40   toner";"0.0";"0.0"
"51080";"Konica Minolta  TNP-49  toner";"0.0";"0.0"
"51081";"Konica Minolta  TNP-51  toner";"0.0";"0.0"
"40369";"Konica Minolta  TNP-53/63   toner";"0.0";"0.0"
"48507";"Konica Minolta  TNP-75   toner";"10.0";"10.0"
"48654";"Konica Minolta  TNP-76   toner";"10.0";"10.0"
"51075";"Konica Minolta  TNP-76/78   toner START";"0.0";"0.0"
"49210";"Konica Minolta  TNP-77   toner";"10.0";"10.0"
"49211";"Konica Minolta  TNP-78   toner";"10.0";"10.0"
"41431";"Konica Minolta  TNP-79 black";"0.0";"0.0"
"48420";"Konica Minolta  TNP-79 cyan";"0.0";"0.0"
"41432";"Konica Minolta  TNP-79 magenta";"0.0";"0.0"
"48421";"Konica Minolta  TNP-79 yellow";"0.0";"0.0"
"41433";"Konica Minolta  TNP-80 black";"0.0";"0.0"
"41434";"Konica Minolta  TNP-80 cyan";"0.0";"0.0"
"41435";"Konica Minolta  TNP-80 magenta";"0.0";"0.0"
"41436";"Konica Minolta  TNP-80 yellow";"0.0";"0.0"
"48425";"Konica Minolta  TNP-81 black";"0.0";"0.0"
"48424";"Konica Minolta  TNP-81 cyan";"0.0";"0.0"
"48423";"Konica Minolta  TNP-81 magenta";"0.0";"0.0"
"48422";"Konica Minolta  TNP-81 yellow";"0.0";"0.0"
"48986";"Konica Minolta  TNP-90";"0.0";"0.0"
"49314";"Konica Minolta  TNP-92 black";"0.0";"0.0"
"49315";"Konica Minolta  TNP-92 cyan";"0.0";"0.0"
"49316";"Konica Minolta  TNP-92 magenta";"0.0";"0.0"
"49317";"Konica Minolta  TNP-92 yellow";"0.0";"0.0"
"51771";"Konica Minolta  TNP-93 black";"0.0";"0.0"
"51772";"Konica Minolta  TNP-93 cyan";"0.0";"0.0"
"51773";"Konica Minolta  TNP-93 magenta";"0.0";"0.0"
"51774";"Konica Minolta  TNP-93 yellow";"0.0";"0.0"
"48640";"Konica Minolta  WB-P08 ACDNWY1 WASTE";"0.0";"0.0"
"47885";"Kyocera  DK-110  OPC";"0.0";"0.0"
"48271";"Kyocera  DK-1150  OPC";"0.0";"0.0"
"47892";"Kyocera  DK-130  OPC";"0.0";"0.0"
"39704";"Kyocera  DK-150  OPC";"0.0";"0.0"
"39867";"Kyocera  DK-170  OPC";"0.0";"0.0"
"47884";"Kyocera  DK-3100";"0.0";"0.0"
"49176";"Kyocera  DK-3130";"0.0";"0.0"
"39878";"Kyocera  DK-320";"0.0";"0.0"
"39876";"Kyocera  DK-590 drum OPC";"0.0";"0.0"
"47886";"Kyocera  DK-710";"0.0";"0.0"
"24879";"Kyocera  DK-8325 drum OPC";"0.0";"0.0"
"50885";"Kyocera  DK-8350 drum OPC";"0.0";"0.0"
"51451";"Kyocera  DK-8550 drum OPC";"0.0";"0.0"
"40630";"Kyocera  DK-896 black DRUM";"0.0";"0.0"
"40628";"Kyocera  DK-896 cyan DRUM";"0.0";"0.0"
"47981";"Kyocera  DK-896 magenta DRUM";"0.0";"0.0"
"40629";"Kyocera  DK-896 yellow DRUM";"0.0";"0.0"
"39996";"Kyocera  DV-110";"0.0";"0.0"
"40570";"Kyocera  DV-1132";"0.0";"0.0"
"40569";"Kyocera  DV-1140";"0.0";"0.0"
"50899";"Kyocera  DV-1150";"0.0";"0.0"
"39870";"Kyocera  DV-130/131";"0.0";"0.0"
"39881";"Kyocera  DV-170";"0.0";"0.0"
"47883";"Kyocera  DV-170E";"0.0";"0.0"
"39879";"Kyocera  DV-320";"0.0";"0.0"
"40568";"Kyocera  DV-340";"0.0";"0.0"
"39880";"Kyocera  DV-360";"ZB";"0.0"
"40565";"Kyocera  DV-440";"ZB";"0.0"
"40229";"Kyocera  DV-450";"ZB";"0.0"
"24925";"Kyocera  DV-560C cyan DEVELOPER";"0.0";"0.0"
"21350";"Kyocera  DV-560K black DEVELOPER";"0.0";"0.0"
"24926";"Kyocera  DV-560M magenta DEVELOPER";"0.0";"0.0"
"47949";"Kyocera  DV-560Y yellow DEVELOPER";"0.0";"0.0"
"47887";"Kyocera  DV-710";"0.0";"0.0"
"48369";"Kyocera  DV-8325C cyan DEVELOPER";"0.0";"0.0"
"48370";"Kyocera  DV-8325K black DEVELOPER";"0.0";"0.0"
"48371";"Kyocera  DV-8325M magenta DEVELOPER";"0.0";"0.0"
"48372";"Kyocera  DV-8325Y yellow DEVELOPER";"0.0";"0.0"
"51457";"Kyocera  DV-8350C cyan DRUM";"0.0";"0.0"
"51456";"Kyocera  DV-8350K black DRUM";"0.0";"0.0"
"51458";"Kyocera  DV-8350M magenta DRUM";"0.0";"0.0"
"51459";"Kyocera  DV-8350Y yellow DRUM";"0.0";"0.0"
"48374";"Kyocera  DV-8505C cyan DEVELOPER";"0.0";"0.0"
"48375";"Kyocera  DV-8505K black DEVELOPER";"0.0";"0.0"
"48376";"Kyocera  DV-8505M magenta DEVELOPER";"0.0";"0.0"
"48377";"Kyocera  DV-8505Y yellow DEVELOPER";"0.0";"0.0"
"48378";"Kyocera  DV-855C cyan DEVELOPER";"0.0";"0.0"
"48379";"Kyocera  DV-855K black DEVELOPER";"0.0";"0.0"
"48380";"Kyocera  DV-855M magenta DEVELOPER";"0.0";"0.0"
"48381";"Kyocera  DV-855Y yellow DEVELOPER";"0.0";"0.0"
"51453";"Kyocera  DV-8560C cyan DRUM";"0.0";"0.0"
"51452";"Kyocera  DV-8560K black DRUM";"0.0";"0.0"
"51454";"Kyocera  DV-8560M magenta DRUM";"0.0";"0.0"
"51455";"Kyocera  DV-8560Y yellow DRUM";"0.0";"0.0"
"49023";"Kyocera  FK-1150 fuser";"0.0";"0.0"
"39866";"Kyocera  PU-102  OPC";"0.0";"0.0"
"39770";"Kyocera  PU-120  OPC";"0.0";"0.0"
"47965";"Kyocera  PU-18  OPC";"0.0";"0.0"
"47928";"Kyocera  PU-40  OPC";"0.0";"0.0"
"47898";"Kyocera  PU-42  OPC";"0.0";"0.0"
"39153";"Kyocera  TK-110";"ZB";"0.0"
"47501";"Kyocera  TK-1100";"0.0";"0.0"
"47502";"Kyocera  TK-1110";"0.0";"0.0"
"39661";"Kyocera  TK-1115";"0.0";"0.0"
"47500";"Kyocera  TK-1120";"0.0";"0.0"
"39836";"Kyocera  TK-1125";"0.0";"0.0"
"39814";"Kyocera  TK-1130";"0.0";"0.0"
"39600";"Kyocera  TK-1140";"0.0";"0.0"
"40215";"Kyocera  TK-1150";"0.0";"0.0"
"41401";"Kyocera  TK-1160     3,6K SMALL";"0.0";"0.0"
"40214";"Kyocera  TK-1160     7,2K BIG";"0.0";"0.0"
"40226";"Kyocera  TK-1170 high     7200 p";"0.0";"0.0"
"40896";"Kyocera  TK-1170 small     3600 p";"0.0";"0.0"
"39275";"Kyocera  TK-120";"ZB";"0.0"
"51289";"Kyocera  TK-1248";"0.0";"0.0"
"51290";"Kyocera  TK-1248 start";"0.0";"0.0"
"52009";"Kyocera  TK-1250";"0.0";"0.0"
"51997";"Kyocera  TK-1260      Big";"0.0";"0.0"
"51834";"Kyocera  TK-1260      SMALL";"0.0";"0.0"
"51761";"Kyocera  TK-1270";"0.0";"0.0"
"39283";"Kyocera  TK-130";"0.0";"0.0"
"39503";"Kyocera  TK-140";"0.0";"0.0"
"39962";"Kyocera  TK-150  black";"6.0";"6.0"
"41237";"Kyocera  TK-150  cyan";"6.0";"6.0"
"41238";"Kyocera  TK-150  magenta";"6.0";"6.0"
"41239";"Kyocera  TK-150  yellow";"6.0";"6.0"
"39516";"Kyocera  TK-160";"0.0";"0.0"
"39106";"Kyocera  TK-17";"ZB";"0.0"
"47829";"Kyocera  TK-17 drum OPC";"0.0";"0.0"
"39465";"Kyocera  TK-170";"0.0";"0.0"
"39165";"Kyocera  TK-18";"ZB";"0.0"
"50666";"Kyocera  TK-20";"ZB";"0.0"
"40876";"Kyocera  TK-3060";"0.0";"0.0"
"39272";"Kyocera  TK-310";"ZB";"0.0"
"39658";"Kyocera  TK-3100";"0.0";"0.0"
"39931";"Kyocera  TK-3110";"0.0";"0.0"
"39622";"Kyocera  TK-3130";"0.0";"0.0"
"39875";"Kyocera  TK-3150";"0.0";"0.0"
"40213";"Kyocera  TK-3160";"0.0";"0.0"
"40251";"Kyocera  TK-3170";"0.0";"0.0"
"40195";"Kyocera  TK-3190";"0.0";"0.0"
"39253";"Kyocera  TK-320";"ZB";"0.0"
"39663";"Kyocera  TK-330";"ZB";"0.0"
"47427";"Kyocera  TK-3300";"0.0";"0.0"
"39546";"Kyocera  TK-340";"ZB";"0.0"
"50831";"Kyocera  TK-3400";"0.0";"0.0"
"51349";"Kyocera  TK-3430";"0.0";"0.0"
"50832";"Kyocera  TK-3440";"5.0";"5.0"
"39534";"Kyocera  TK-350";"0.0";"0.0"
"39336";"Kyocera  TK-360";"ZB";"0.0"
"47505";"Kyocera  TK-400";"0.0";"0.0"
"39156";"Kyocera  TK-410";"0.0";"0.0"
"39853";"Kyocera  TK-4105";"0.0";"0.0"
"47695";"Kyocera  TK-420";"0.0";"0.0"
"39643";"Kyocera  TK-435";"0.0";"0.0"
"39956";"Kyocera  TK-440";"ZB";"0.0"
"39659";"Kyocera  TK-450";"0.0";"0.0"
"39892";"Kyocera  TK-475";"0.0";"0.0"
"39127";"Kyocera  TK-50";"0.0";"0.0"
"47582";"Kyocera  TK-500C cyan";"ZB";"0.0"
"47811";"Kyocera  TK-500K black";"ZB";"0.0"
"47583";"Kyocera  TK-500M magenta";"ZB";"0.0"
"47584";"Kyocera  TK-500Y yellow";"ZB";"0.0"
"47585";"Kyocera  TK-510C cyan";"ZB";"0.0"
"47812";"Kyocera  TK-510K black";"ZB";"0.0"
"47586";"Kyocera  TK-510M magenta";"ZB";"0.0"
"47587";"Kyocera  TK-510Y yellow";"ZB";"0.0"
"40486";"Kyocera  TK-5135C cyan";"0.0";"0.0"
"40228";"Kyocera  TK-5135K black";"0.0";"0.0"
"40487";"Kyocera  TK-5135M magenta";"0.0";"0.0"
"40488";"Kyocera  TK-5135Y yellow";"0.0";"0.0"
"40489";"Kyocera  TK-5140C cyan";"0.0";"0.0"
"40023";"Kyocera  TK-5140K black";"0.0";"0.0"
"40490";"Kyocera  TK-5140M magenta";"0.0";"0.0"
"40491";"Kyocera  TK-5140Y yellow";"0.0";"0.0"
"40492";"Kyocera  TK-5150C cyan";"0.0";"0.0"
"40075";"Kyocera  TK-5150K black";"0.0";"0.0"
"40493";"Kyocera  TK-5150M magenta";"0.0";"0.0"
"40494";"Kyocera  TK-5150Y yellow";"0.0";"0.0"
"40495";"Kyocera  TK-5160C cyan";"0.0";"0.0"
"40346";"Kyocera  TK-5160K black";"0.0";"0.0"
"40496";"Kyocera  TK-5160M magenta";"0.0";"0.0"
"40497";"Kyocera  TK-5160Y yellow";"0.0";"0.0"
"47962";"Kyocera  TK-5195C cyan";"0.0";"0.0"
"40571";"Kyocera  TK-5195K black";"0.0";"0.0"
"40572";"Kyocera  TK-5195M magenta";"0.0";"0.0"
"40573";"Kyocera  TK-5195Y yellow";"0.0";"0.0"
"40667";"Kyocera  TK-5205 black";"0.0";"0.0"
"40869";"Kyocera  TK-5205 cyan";"0.0";"0.0"
"40870";"Kyocera  TK-5205 magenta";"0.0";"0.0"
"40871";"Kyocera  TK-5205 yellow";"0.0";"0.0"
"47588";"Kyocera  TK-520C cyan";"ZB";"0.0"
"47813";"Kyocera  TK-520K black";"ZB";"0.0"
"47940";"Kyocera  TK-520M magenta";"ZB";"0.0"
"40515";"Kyocera  TK-520Y yellow";"ZB";"0.0"
"50640";"Kyocera  TK-5215C cyan";"0.0";"0.0"
"50639";"Kyocera  TK-5215K black";"0.0";"0.0"
"50641";"Kyocera  TK-5215M magenta";"0.0";"0.0"
"50642";"Kyocera  TK-5215M yellow";"0.0";"0.0"
"47576";"Kyocera  TK-5220C/TK-5230C cyan";"0.0";"0.0"
"40352";"Kyocera  TK-5220K/TK-5230K black";"0.0";"0.0"
"47577";"Kyocera  TK-5220M/TK-5230M magenta";"0.0";"0.0"
"47578";"Kyocera  TK-5220Y/TK-5230Y yellow";"0.0";"0.0"
"40509";"Kyocera  TK-5240C cyan";"0.0";"0.0"
"40227";"Kyocera  TK-5240K black";"0.0";"0.0"
"40510";"Kyocera  TK-5240M magenta";"0.0";"0.0"
"40511";"Kyocera  TK-5240Y yellow";"0.0";"0.0"
"40635";"Kyocera  TK-5270C cyan";"0.0";"0.0"
"40637";"Kyocera  TK-5270K black";"0.0";"0.0"
"40636";"Kyocera  TK-5270M magenta";"0.0";"0.0"
"40638";"Kyocera  TK-5270Y yellow";"0.0";"0.0"
"40651";"Kyocera  TK-5280C cyan";"0.0";"0.0"
"40652";"Kyocera  TK-5280K black";"0.0";"0.0"
"40653";"Kyocera  TK-5280M magenta";"0.0";"0.0"
"40654";"Kyocera  TK-5280Y yellow";"0.0";"0.0"
"51052";"Kyocera  TK-5290C cyan";"0.0";"0.0"
"51053";"Kyocera  TK-5290K black";"0.0";"0.0"
"51054";"Kyocera  TK-5290M magenta";"0.0";"0.0"
"51055";"Kyocera  TK-5290Y yellow";"0.0";"0.0"
"40906";"Kyocera  TK-5305 black";"0.0";"0.0"
"40907";"Kyocera  TK-5305 cyan";"0.0";"0.0"
"40908";"Kyocera  TK-5305 magenta";"0.0";"0.0"
"40909";"Kyocera  TK-5305 yellow";"0.0";"0.0"
"41145";"Kyocera  TK-5345 black";"0.0";"0.0"
"41146";"Kyocera  TK-5345 cyan";"0.0";"0.0"
"41147";"Kyocera  TK-5345 magenta";"0.0";"0.0"
"41148";"Kyocera  TK-5345 yellow";"0.0";"0.0"
"50905";"Kyocera  TK-5370 black";"0.0";"0.0"
"50906";"Kyocera  TK-5370 cyan";"0.0";"0.0"
"50908";"Kyocera  TK-5370 magenta";"0.0";"0.0"
"50907";"Kyocera  TK-5370 yellow";"0.0";"0.0"
"50909";"Kyocera  TK-5380 black";"0.0";"0.0"
"50910";"Kyocera  TK-5380 cyan";"0.0";"0.0"
"50912";"Kyocera  TK-5380 magenta";"0.0";"0.0"
"50911";"Kyocera  TK-5380 yellow";"0.0";"0.0"
"51437";"Kyocera  TK-5390 black";"0.0";"0.0"
"51438";"Kyocera  TK-5390 cyan";"0.0";"0.0"
"51440";"Kyocera  TK-5390 magienta";"0.0";"0.0"
"51439";"Kyocera  TK-5390 yellow";"0.0";"0.0"
"51441";"Kyocera  TK-5405 black";"0.0";"0.0"
"51442";"Kyocera  TK-5405 cyan";"0.0";"0.0"
"51444";"Kyocera  TK-5405 magenta";"0.0";"0.0"
"51443";"Kyocera  TK-5405 yellow";"0.0";"0.0"
"40516";"Kyocera  TK-540C cyan";"0.0";"0.0"
"39769";"Kyocera  TK-540K black";"0.0";"0.0"
"40517";"Kyocera  TK-540M magenta";"0.0";"0.0"
"40518";"Kyocera  TK-540Y yellow";"0.0";"0.0"
"51815";"Kyocera  TK-5440 black";"0.0";"0.0"
"51325";"Kyocera  TK-5440 cyan";"0.0";"0.0"
"51327";"Kyocera  TK-5440 magenta";"0.0";"0.0"
"51326";"Kyocera  TK-5440 yellow";"0.0";"0.0"
"47607";"Kyocera  TK-55";"0.0";"0.0"
"47579";"Kyocera  TK-550C cyan";"ZB";"0.0"
"39664";"Kyocera  TK-550K black";"ZB";"0.0"
"47580";"Kyocera  TK-550M magenta";"ZB";"0.0"
"47581";"Kyocera  TK-550Y yellow";"ZB";"0.0"
"51324";"Kyocera  TK-5540K black";"0.0";"0.0"
"40512";"Kyocera  TK-560C cyan";"ZB";"0.0"
"39511";"Kyocera  TK-560K black";"ZB";"0.0"
"40513";"Kyocera  TK-560M magenta";"ZB";"0.0"
"40514";"Kyocera  TK-560Y yellow";"ZB";"0.0"
"47941";"Kyocera  TK-570C cyan";"ZB";"0.0"
"47771";"Kyocera  TK-570K black";"ZB";"0.0"
"40519";"Kyocera  TK-570M magenta";"ZB";"0.0"
"40520";"Kyocera  TK-570Y yellow";"ZB";"0.0"
"40521";"Kyocera  TK-580C cyan";"ZB";"0.0"
"39464";"Kyocera  TK-580K black";"ZB";"0.0"
"40522";"Kyocera  TK-580M magenta";"ZB";"0.0"
"40523";"Kyocera  TK-580Y yellow";"ZB";"0.0"
"40524";"Kyocera  TK-590C cyan";"ZB";"0.0"
"39471";"Kyocera  TK-590K black";"ZB";"0.0"
"40525";"Kyocera  TK-590M magenta";"ZB";"0.0"
"24868";"Kyocera  TK-590Y yellow";"ZB";"0.0"
"39105";"Kyocera  TK-60";"0.0";"0.0"
"48971";"Kyocera  TK-6115";"0.0";"0.0"
"39773";"Kyocera  TK-6305";"0.0";"0.0"
"40647";"Kyocera  TK-6325";"0.0";"0.0"
"51012";"Kyocera  TK-6345";"0.0";"0.0"
"39257";"Kyocera  TK-65";"0.0";"0.0"
"45081";"Kyocera  TK-6725";"0.0";"0.0"
"39927";"Kyocera  TK-675";"0.0";"0.0"
"39786";"Kyocera  TK-685";"ZB";"0.0"
"47620";"Kyocera  TK-70";"0.0";"0.0"
"39826";"Kyocera  TK-710";"0.0";"0.0"
"40067";"Kyocera  TK-7105";"0.0";"0.0"
"41414";"Kyocera  TK-7125";"0.0";"0.0"
"51431";"Kyocera  TK-7135";"0.0";"0.0"
"39941";"Kyocera  TK-715";"0.0";"0.0"
"41364";"Kyocera  TK-7205";"0.0";"0.0"
"51096";"Kyocera  TK-7225";"0.0";"0.0"
"39936";"Kyocera  TK-725";"0.0";"0.0"
"39787";"Kyocera  TK-7300";"ZB";"0.0"
"49172";"Kyocera  TK-7310";"0.0";"0.0"
"48264";"Kyocera  TK-8115B black";"0.0";"0.0"
"41131";"Kyocera  TK-8115C cyan";"0.0";"0.0"
"41132";"Kyocera  TK-8115M magenta";"0.0";"0.0"
"41133";"Kyocera  TK-8115Y yellow";"0.0";"0.0"
"39566";"Kyocera  TK-820C cyan";"ZB";"0.0"
"39733";"Kyocera  TK-820K black";"ZB";"0.0"
"40526";"Kyocera  TK-820M magenta";"ZB";"0.0"
"40527";"Kyocera  TK-820Y yellow";"ZB";"0.0"
"40528";"Kyocera  TK-825C cyan";"ZB";"0.0"
"39586";"Kyocera  TK-825K black";"ZB";"0.0"
"47942";"Kyocera  TK-825M magenta";"ZB";"0.0"
"40529";"Kyocera  TK-825Y yellow";"ZB";"0.0"
"40530";"Kyocera  TK-8305C cyan";"0.0";"0.0"
"39645";"Kyocera  TK-8305K black";"0.0";"0.0"
"40531";"Kyocera  TK-8305M magenta";"0.0";"0.0"
"40532";"Kyocera  TK-8305Y yellow";"0.0";"0.0"
"40533";"Kyocera  TK-8315C cyan";"0.0";"0.0"
"47882";"Kyocera  TK-8315K black";"0.0";"0.0"
"40534";"Kyocera  TK-8315M magenta";"0.0";"0.0"
"40535";"Kyocera  TK-8315Y yellow";"0.0";"0.0"
"24887";"Kyocera  TK-8325C cyan";"ZB";"0.0"
"21348";"Kyocera  TK-8325K black";"ZB";"0.0"
"24888";"Kyocera  TK-8325M magenta";"ZB";"0.0"
"24889";"Kyocera  TK-8325Y yellow";"ZB";"0.0"
"40536";"Kyocera  TK-8335C cyan";"ZB";"0.0"
"40230";"Kyocera  TK-8335K black";"ZB";"0.0"
"40537";"Kyocera  TK-8335M magenta";"ZB";"0.0"
"40538";"Kyocera  TK-8335Y yellow";"ZB";"0.0"
"40873";"Kyocera  TK-8345 cyan";"ZB";"0.0"
"40874";"Kyocera  TK-8345 magenta";"ZB";"0.0"
"40875";"Kyocera  TK-8345 yellow";"ZB";"0.0"
"40872";"Kyocera  TK-8345B black";"ZB";"0.0"
"48664";"Kyocera  TK-8365B black";"0.0";"0.0"
"48661";"Kyocera  TK-8365C cyan";"0.0";"0.0"
"48662";"Kyocera  TK-8365M magenta";"0.0";"0.0"
"48663";"Kyocera  TK-8365Y yellow";"0.0";"0.0"
"51112";"Kyocera  TK-8375 black";"0.0";"0.0"
"51225";"Kyocera  TK-8375 cyan";"0.0";"0.0"
"51226";"Kyocera  TK-8375 magenta";"0.0";"0.0"
"51227";"Kyocera  TK-8375 yellow";"0.0";"0.0"
"51723";"Kyocera  TK-8385C cyan";"0.0";"0.0"
"51722";"Kyocera  TK-8385K black";"0.0";"0.0"
"51724";"Kyocera  TK-8385M magenta";"0.0";"0.0"
"51725";"Kyocera  TK-8385Y yellow";"0.0";"0.0"
"24893";"Kyocera  TK-8505C cyan";"0.0";"0.0"
"39725";"Kyocera  TK-8505K black";"0.0";"0.0"
"40539";"Kyocera  TK-8505M magenta";"0.0";"0.0"
"40540";"Kyocera  TK-8505Y yellow";"0.0";"0.0"
"47944";"Kyocera  TK-8515C cyan";"0.0";"0.0"
"47943";"Kyocera  TK-8515K black";"0.0";"0.0"
"47945";"Kyocera  TK-8515M magenta";"0.0";"0.0"
"24899";"Kyocera  TK-8515Y yellow";"0.0";"0.0"
"50793";"Kyocera  TK-8520C cyan";"0.0";"0.0"
"50794";"Kyocera  TK-8520K black";"0.0";"0.0"
"50796";"Kyocera  TK-8520M magenta";"0.0";"0.0"
"50795";"Kyocera  TK-8520Y yellow";"0.0";"0.0"
"40542";"Kyocera  TK-8525C cyan";"ZB";"0.0"
"40541";"Kyocera  TK-8525K black";"ZB";"0.0"
"40543";"Kyocera  TK-8525M magenta";"ZB";"0.0"
"40544";"Kyocera  TK-8525Y yellow";"ZB";"0.0"
"51447";"Kyocera  TK-8545C cyan";"0.0";"0.0"
"51446";"Kyocera  TK-8545K black";"0.0";"0.0"
"51448";"Kyocera  TK-8545M magenta";"0.0";"0.0"
"51449";"Kyocera  TK-8545Y yellow";"0.0";"0.0"
"49309";"Kyocera  TK-8555C cyan";"0.0";"0.0"
"49310";"Kyocera  TK-8555K black";"0.0";"0.0"
"49311";"Kyocera  TK-8555M magenta";"0.0";"0.0"
"49312";"Kyocera  TK-8555Y yellow";"0.0";"0.0"
"24904";"Kyocera  TK-855C cyan";"ZB";"0.0"
"39745";"Kyocera  TK-855K black";"ZB";"0.0"
"40545";"Kyocera  TK-855M magenta";"ZB";"0.0"
"24906";"Kyocera  TK-855Y yellow";"ZB";"0.0"
"51812";"Kyocera  TK-8565C cyan";"0.0";"0.0"
"51811";"Kyocera  TK-8565K black";"0.0";"0.0"
"51814";"Kyocera  TK-8565M magenta";"0.0";"0.0"
"51813";"Kyocera  TK-8565Y yellow";"0.0";"0.0"
"40546";"Kyocera  TK-8600C cyan";"0.0";"0.0"
"39952";"Kyocera  TK-8600K black";"0.0";"0.0"
"40547";"Kyocera  TK-8600M magenta";"0.0";"0.0"
"40548";"Kyocera  TK-8600Y yellow";"0.0";"0.0"
"40549";"Kyocera  TK-865C cyan";"ZB";"0.0"
"47732";"Kyocera  TK-865K black";"ZB";"0.0"
"40550";"Kyocera  TK-865M magenta";"ZB";"0.0"
"40551";"Kyocera  TK-865Y yellow";"ZB";"0.0"
"47946";"Kyocera  TK-8705C cyan";"0.0";"0.0"
"47814";"Kyocera  TK-8705K black";"0.0";"0.0"
"47947";"Kyocera  TK-8705M magenta";"0.0";"0.0"
"47948";"Kyocera  TK-8705Y yellow";"0.0";"0.0"
"40879";"Kyocera  TK-8800C cyan";"0.0";"0.0"
"40880";"Kyocera  TK-8800K black";"0.0";"0.0"
"40881";"Kyocera  TK-8800M magenta";"0.0";"0.0"
"40882";"Kyocera  TK-8800Y yellow";"0.0";"0.0"
"40552";"Kyocera  TK-880C cyan";"ZB";"0.0"
"39746";"Kyocera  TK-880K black";"ZB";"0.0"
"40553";"Kyocera  TK-880M magenta";"ZB";"0.0"
"40554";"Kyocera  TK-880Y yellow";"ZB";"0.0"
"40555";"Kyocera  TK-895C cyan";"ZB";"0.0"
"39871";"Kyocera  TK-895K black";"ZB";"0.0"
"40556";"Kyocera  TK-895M magenta";"ZB";"0.0"
"40557";"Kyocera  TK-895Y yellow";"ZB";"0.0"
"51692";"Kyocera TK-3200";"0.0";"0.0"
"41196";"Lexmark  B2236";"0.0";"0.0"
"31319";"Lexmark  B2236    START";"0.0";"0.0"
"48282";"Lexmark  B2236   DRUM";"0.0";"0.0"
"50850";"Lexmark  B2236X";"0.0";"0.0"
"47490";"Lexmark  C500  C500X26G  drum OPC";"ZB";"0.0"
"39254";"Lexmark  C500  X500  black";"ZB";"0.0"
"40221";"Lexmark  C500  X500  cyan";"ZB";"0.0"
"40222";"Lexmark  C500  X500  magenta";"ZB";"0.0"
"39953";"Lexmark  C500  X500  yellow";"ZB";"0.0"
"47867";"Lexmark  C510 20K0504  drum OPC";"ZB";"0.0"
"40223";"Lexmark  C510 20K1400, 20K0500 cyan";"ZB";"0.0"
"39976";"Lexmark  C510 20K1401, 20K0501 magenta";"ZB";"0.0"
"40220";"Lexmark  C510 20K1402, 20K0502 yellow";"ZB";"0.0"
"39355";"Lexmark  C510 20K1403, 20K0503 black";"ZB";"0.0"
"39908";"Lexmark  C520  C5200  black";"0.0";"0.0"
"47491";"Lexmark  C520  C5200  cyan";"0.0";"0.0"
"47592";"Lexmark  C520  C5200  magenta";"0.0";"0.0"
"39089";"Lexmark  C520  C5200  yellow";"0.0";"0.0"
"39184";"Lexmark  C522  C5220, C5222 black";"0.0";"0.0"
"40032";"Lexmark  C522  C5220, C5222 cyan";"0.0";"0.0"
"39112";"Lexmark  C522  C5220, C5222 magenta";"0.0";"0.0"
"39118";"Lexmark  C522  C5220, C5222 yellow";"0.0";"0.0"
"39161";"Lexmark  C524  C5240, C5242 black";"0.0";"0.0"
"47950";"Lexmark  C524  C5240, C5242 cyan";"0.0";"0.0"
"40559";"Lexmark  C524  C5240, C5242 magenta";"0.0";"0.0"
"40560";"Lexmark  C524  C5240, C5242 yellow";"0.0";"0.0"
"39909";"Lexmark  C534  C5340, C5342 black";"0.0";"0.0"
"39121";"Lexmark  C534  C5340, C5342 cyan";"0.0";"0.0"
"39123";"Lexmark  C534  C5340, C5342 magenta";"0.0";"0.0"
"39080";"Lexmark  C534  C5340, C5342 yellow";"0.0";"0.0"
"40598";"Lexmark  C540  C540X31G  DEVELOPER black";"0.0";"0.0"
"40595";"Lexmark  C540  C540X32G  DEVELOPER cyan";"0.0";"0.0"
"40596";"Lexmark  C540  C540X33G  DEVELOPER magen";"0.0";"0.0"
"40597";"Lexmark  C540  C540X34G  DEVELOPER yello";"0.0";"0.0"
"39796";"Lexmark  C540  C540X35G  drum OPC";"ZB";"0.0"
"39571";"Lexmark  C540 black";"ZB";"0.0"
"39124";"Lexmark  C540 cyan";"ZB";"0.0"
"39134";"Lexmark  C540 magenta";"ZB";"0.0"
"39152";"Lexmark  C540 yellow";"ZB";"0.0"
"47780";"Lexmark  C720  X720  15W0900 cyan";"ZB";"0.0"
"47612";"Lexmark  C720  X720  15W0901 magenta";"ZB";"0.0"
"47614";"Lexmark  C720  X720  15W0902 yellow";"ZB";"0.0"
"47615";"Lexmark  C720  X720  15W0903 black";"ZB";"0.0"
"39793";"Lexmark  C734  C734Z20G drum OPC";"0.0";"0.0"
"39179";"Lexmark  C734 black  big";"0.0";"0.0"
"39514";"Lexmark  C734 black  small";"0.0";"0.0"
"39193";"Lexmark  C734 cyan  big";"0.0";"0.0"
"39192";"Lexmark  C734 cyan  small";"0.0";"0.0"
"47625";"Lexmark  C734 magenta  big";"0.0";"0.0"
"39199";"Lexmark  C734 magenta  small";"0.0";"0.0"
"39210";"Lexmark  C734 yellow  big";"0.0";"0.0"
"39201";"Lexmark  C734 yellow  small";"0.0";"0.0"
"39213";"Lexmark  C736 black big";"0.0";"0.0"
"39910";"Lexmark  C736 black small";"0.0";"0.0"
"39230";"Lexmark  C736 cyan big";"0.0";"0.0"
"39226";"Lexmark  C736 cyan small";"0.0";"0.0"
"39239";"Lexmark  C736 magenta big";"0.0";"0.0"
"47641";"Lexmark  C736 magenta small";"0.0";"0.0"
"39264";"Lexmark  C736 yellow big";"0.0";"0.0"
"39260";"Lexmark  C736 yellow small";"0.0";"0.0"
"39294";"Lexmark  C746 black big";"0.0";"0.0"
"39690";"Lexmark  C746 black small";"0.0";"0.0"
"47657";"Lexmark  C746 cyan big";"0.0";"0.0"
"39270";"Lexmark  C746 cyan small";"0.0";"0.0"
"39291";"Lexmark  C746 magenta big";"0.0";"0.0"
"39273";"Lexmark  C746 magenta small";"0.0";"0.0"
"47659";"Lexmark  C746 yellow big";"0.0";"0.0"
"39278";"Lexmark  C746 yellow small";"0.0";"0.0"
"40589";"Lexmark  C748 black";"0.0";"0.0"
"39300";"Lexmark  C748 cyan";"0.0";"0.0"
"39911";"Lexmark  C748 magenta";"0.0";"0.0"
"39303";"Lexmark  C748 yellow";"0.0";"0.0"
"39299";"Lexmark  C750 C752 C760 C762 cmyk";"ZB";"0.0"
"39337";"Lexmark  C770 C772  cmyk";"0.0";"0.0"
"39682";"Lexmark  C780 C782  cmyk";"ZB";"0.0"
"39930";"Lexmark  C792  X792  black";"0.0";"0.0"
"39353";"Lexmark  C792  X792  cyan";"0.0";"0.0"
"39776";"Lexmark  C792  X792  magenta";"0.0";"0.0"
"40001";"Lexmark  C792  X792  yellow";"0.0";"0.0"
"39804";"Lexmark  C910 C912  cmyk 12N0771";"0.0";"0.0"
"47847";"Lexmark  C910 C912 C920 12N0773 drum OPC";"ZB";"0.0"
"39670";"Lexmark  C920  cmyk";"ZB";"0.0"
"39647";"Lexmark  C925 X925  cmyk";"ZB";"0.0"
"39851";"Lexmark  C935 X940 X945  drum OPC";"ZB";"0.0"
"47773";"Lexmark  C935 X940 X945 cmyk";"ZB";"0.0"
"39720";"Lexmark  C950  X950  drum OPC";"0.0";"0.0"
"39632";"Lexmark  C950  X950  toner  black";"0.0";"0.0"
"41227";"Lexmark  C950  X950  toner  cyan";"0.0";"0.0"
"41228";"Lexmark  C950  X950  toner  magenta";"0.0";"0.0"
"41229";"Lexmark  C950  X950  toner  yellow";"0.0";"0.0"
"51284";"Lexmark  C950  X950 Waste toner";"0.0";"0.0"
"48351";"Lexmark  CS2132 black";"0.0";"0.0"
"48352";"Lexmark  CS2132 cyan";"0.0";"0.0"
"48353";"Lexmark  CS2132 magenta";"0.0";"0.0"
"48354";"Lexmark  CS2132 yellow";"0.0";"0.0"
"40030";"Lexmark  CS310  CX410   drum OPC";"0.0";"0.0"
"39642";"Lexmark  CS310  CX410  black BIG";"0.0";"0.0"
"48456";"Lexmark  CS310  CX410  black SMALL";"0.0";"0.0"
"39304";"Lexmark  CS310  CX410  cyan";"0.0";"0.0"
"51362";"Lexmark  CS310  CX410  DEVELOPER";"0.0";"0.0"
"39306";"Lexmark  CS310  CX410  magenta";"0.0";"0.0"
"39308";"Lexmark  CS310  CX410  yellow";"0.0";"0.0"
"40373";"Lexmark  CS317  CX317  black BIG";"0.0";"0.0"
"48457";"Lexmark  CS317  CX317  black SMALL";"0.0";"0.0"
"39354";"Lexmark  CS317  CX317  cyan";"0.0";"0.0"
"39357";"Lexmark  CS317  CX317  magenta";"0.0";"0.0"
"39358";"Lexmark  CS317  CX317  yellow";"0.0";"0.0"
"48296";"Lexmark  CS331 C3220 black";"2.0";"2.0"
"48295";"Lexmark  CS331 C3220 black START";"0.0";"0.0"
"48298";"Lexmark  CS331 C3220 cyan";"2.0";"2.0"
"51042";"Lexmark  CS331 C3220 cyan START";"0.0";"0.0"
"48297";"Lexmark  CS331 C3220 magenta";"2.0";"2.0"
"51043";"Lexmark  CS331 C3220 magenta START";"0.0";"0.0"
"48299";"Lexmark  CS331 C3220 yellow";"2.0";"2.0"
"51044";"Lexmark  CS331 C3220 yellow START";"0.0";"0.0"
"25419";"Lexmark  CS421 CX421 black BIG";"0.0";"0.0"
"48460";"Lexmark  CS421 CX421 black SMALL";"0.0";"0.0"
"25421";"Lexmark  CS421 CX421 cyan";"0.0";"0.0"
"25420";"Lexmark  CS421 CX421 magenta";"0.0";"0.0"
"25422";"Lexmark  CS421 CX421 yellow";"0.0";"0.0"
"51317";"Lexmark  CS531 CX532 CS632 CX635 black";"4.0";"4.0"
"51318";"Lexmark  CS531 CX532 CS632 CX635 black BIG";"4.0";"4.0"
"51319";"Lexmark  CS531 CX532 CS632 CX635 cyan";"4.0";"4.0"
"51320";"Lexmark  CS531 CX532 CS632 CX635 magenta";"4.0";"4.0"
"51321";"Lexmark  CS531 CX532 CS632 CX635 yellow";"4.0";"4.0"
"47664";"Lexmark  CS720  CX725   drum OPC";"0.0";"0.0"
"24405";"Lexmark  CS720  CX725  black";"0.0";"0.0"
"51070";"Lexmark  CS720  CX725  black BIG";"0.0";"0.0"
"39309";"Lexmark  CS720  CX725  cyan";"0.0";"0.0"
"51071";"Lexmark  CS720  CX725  cyan BIG";"0.0";"0.0"
"39313";"Lexmark  CS720  CX725  magenta";"0.0";"0.0"
"51072";"Lexmark  CS720  CX725  magenta BIG";"0.0";"0.0"
"39321";"Lexmark  CS720  CX725  yellow";"0.0";"0.0"
"51073";"Lexmark  CS720  CX725  yellow BIG";"0.0";"0.0"
"51086";"Lexmark  CS720 DEVELOPER black";"0.0";"0.0"
"48666";"Lexmark  CS820/CS827 CX820/CX827   DRUM";"0.0";"0.0"
"40594";"Lexmark  CS820/CS827 CX820/CX827   START";"0.0";"0.0"
"40590";"Lexmark  CS820/CS827 CX820/CX827 black";"0.0";"0.0"
"40591";"Lexmark  CS820/CS827 CX820/CX827 cyan";"0.0";"0.0"
"40592";"Lexmark  CS820/CS827 CX820/CX827 magenta";"0.0";"0.0"
"40593";"Lexmark  CS820/CS827 CX820/CX827 yellow";"0.0";"0.0"
"48712";"Lexmark  CS921 CX921 black";"0.0";"0.0"
"48713";"Lexmark  CS921 CX921 cyan";"0.0";"0.0"
"48714";"Lexmark  CS921 CX921 magenta";"0.0";"0.0"
"48715";"Lexmark  CS921 CX921 yellow";"0.0";"0.0"
"51606";"Lexmark  CX833 CX950 CX951 Black";"0.0";"0.0"
"51607";"Lexmark  CX833 CX950 CX951 Cyan";"0.0";"0.0"
"51608";"Lexmark  CX833 CX950 CX951 Magenta";"0.0";"0.0"
"51609";"Lexmark  CX833 CX950 CX951 Yellow";"0.0";"0.0"
"51224";"Lexmark  CX942 CX943 CX944 black";"0.0";"0.0"
"51547";"Lexmark  CX942 CX943 CX944 cyan";"0.0";"0.0"
"51548";"Lexmark  CX942 CX943 CX944 magenta";"0.0";"0.0"
"51549";"Lexmark  CX942 CX943 CX944 yellow";"0.0";"0.0"
"39211";"Lexmark  E120        12016SE";"0.0";"0.0"
"39794";"Lexmark  E120 OPC    12026XW drum";"0.0";"0.0"
"39110";"Lexmark  E210  10S0150";"ZB";"0.0"
"39188";"Lexmark  E220  12S0400";"0.0";"0.0"
"39243";"Lexmark  E232/330  OPC 12A8302 DRUM";"0.0";"0.0"
"39232";"Lexmark  E232/330/240/340";"0.0";"0.0"
"39216";"Lexmark  E250/350/450";"ZB";"0.0"
"39242";"Lexmark  E250/350/450 OPC  E250X22G drum";"ZB";"0.0"
"39310";"Lexmark  E260/360/460";"0.0";"0.0"
"39395";"Lexmark  E260/360/460 OPC E260X22G";"ZB";"0.0"
"39074";"Lexmark  E310  13T0101";"ZB";"0.0"
"39062";"Lexmark  E320  08A0476/78";"ZB";"0.0"
"47601";"Lexmark  E321  12A7400 12A7405";"0.0";"0.0"
"47748";"Lexmark  M410";"0.0";"0.0"
"39073";"Lexmark  MS 310/410/510/610";"1.0";"1.0"
"40626";"Lexmark  MS 310/410/510/610  INNE";"ZB";"0.0"
"39819";"Lexmark  MS 310/410/510/610  NV";"0.0";"0.0"
"39709";"Lexmark  MS 310/410/510/610  OPC DRUM";"1.0";"1.0"
"39684";"Lexmark  MS 310/410/510/610  START";"1.0";"1.0"
"40331";"Lexmark  MS 317/417/517/617";"0.0";"0.0"
"40332";"Lexmark  MS 317/417/517/617  START";"0.0";"0.0"
"41330";"Lexmark  MS 331/MS431";"8.0";"8.0"
"48472";"Lexmark  MS 331/MS431  DRUM";"5.0";"5.0"
"41441";"Lexmark  MS 331/MS431  START";"8.0";"8.0"
"40600";"Lexmark  MS 421";"3.0";"3.0"
"41408";"Lexmark  MS 421   DRUM";"0.0";"0.0"
"40601";"Lexmark  MS 421   START";"3.0";"3.0"
"47853";"Lexmark  MS 5155   24B6015";"0.0";"0.0"
"39589";"Lexmark  MS 710/810";"2.0";"2.0"
"51308";"Lexmark  MS 710/810 FUSER";"0.0";"0.0"
"39929";"Lexmark  MS 710/810 NV/INNE";"0.0";"0.0"
"39710";"Lexmark  MS 710/810 OPC DRUM";"1.0";"1.0"
"39591";"Lexmark  MS 710/810 START";"2.0";"2.0"
"40705";"Lexmark  MS 720/725/825";"8.0";"8.0"
"47997";"Lexmark  MS 720/725/825    START";"8.0";"8.0"
"40706";"Lexmark  MS 720/725/825 drum 50F0ZA0 OPC";"0.0";"0.0"
"40602";"Lexmark  MS 911   drum OPC";"0.0";"0.0"
"49104";"Lexmark  MS/MX 910 / 911   toner";"0.0";"0.0"
"39070";"Lexmark  Optra E   69G8256  (0938)";"0.0";"0.0"
"47846";"Lexmark  Optra M  17G0152/54";"0.0";"0.0"
"39071";"Lexmark  Optra S  1382620/920";"ZB";"0.0"
"47741";"Lexmark  T410";"0.0";"0.0"
"39120";"Lexmark  T420  12A7410/15";"ZB";"0.0"
"39155";"Lexmark  T430  12A8420/25";"0.0";"0.0"
"39075";"Lexmark  T520  12A6930/35 12A6830";"ZB";"0.0"
"39072";"Lexmark  T610  12A5840/45";"ZB";"0.0"
"39143";"Lexmark  T620  12A6860/65";"ZB";"0.0"
"39376";"Lexmark  T630  12A7360/12A7460";"ZB";"0.0"
"47913";"Lexmark  T630  12A7360/12A7460";"ZB";"0.0"
"40231";"Lexmark  T630  one cut";"ZB";"0.0"
"39231";"Lexmark  T640";"0.0";"0.0"
"47899";"Lexmark  T640   BP";"0.0";"0.0"
"40216";"Lexmark  T640   ONE CUT";"ZB";"0.0"
"39359";"Lexmark  T650";"0.0";"0.0"
"39946";"Lexmark  T650   BP";"0.0";"0.0"
"47653";"Lexmark  W810";"0.0";"0.0"
"39352";"Lexmark  W812  14K0050";"0.0";"0.0"
"39167";"Lexmark  W820  12B0090";"0.0";"0.0"
"39474";"Lexmark  W840  W84020H toner";"0.0";"0.0"
"39490";"Lexmark  W840  W84030H X850/860  OPC";"0.0";"0.0"
"39128";"Lexmark  X215  18S0090";"ZB";"0.0"
"39882";"Lexmark  X560";"0.0";"0.0"
"39341";"Lexmark  X850  X850H21G toner";"ZB";"0.0"
"39795";"Lexmark  X860  X860H21G toner";"ZB";"0.0"
"40599";"Lexmark  XC 6152 / XC 8155   START";"0.0";"0.0"
"40255";"Lexmark  XC 6152 / XC 8155  black";"0.0";"0.0"
"39342";"Lexmark  XC 6152 / XC 8155  cyan";"0.0";"0.0"
"39346";"Lexmark  XC 6152 / XC 8155  magenta";"0.0";"0.0"
"39349";"Lexmark  XC 6152 / XC 8155  yellow";"0.0";"0.0"
"51316";"Lexmark  XC 9445 / XC9455 / XC9465 black";"0.0";"0.0"
"51693";"Lexmark CS/CX963/961/962 black";"0.0";"0.0"
"51694";"Lexmark CS/CX963/961/962 cyan";"0.0";"0.0"
"51695";"Lexmark CS/CX963/961/962 magenta";"0.0";"0.0"
"51696";"Lexmark CS/CX963/961/962 yellow";"0.0";"0.0"
"51594";"Lexmark CS920 black drum 76C0PK0";"0.0";"0.0"
"51595";"Lexmark CS920 color drum 76C0PV0";"0.0";"0.0"
"39695";"Oki  B2500  MB260";"0.0";"0.0"
"39969";"Oki  B401 44992401/44992402 toner";"0.0";"0.0"
"39467";"Oki  B410/430        43979002 OPC";"0.0";"0.0"
"39578";"Oki  B410/430 43979102/202/207/216 toner";"ZB";"0.0"
"39360";"Oki  B4100/4200 type 9    01103402 toner";"0.0";"0.0"
"39255";"Oki  B4100/4200 type 9    42102802 OPC";"0.0";"0.0"
"39906";"Oki  B411/431 44574602  toner mały";"ZB";"0.0"
"39595";"Oki  B411/431 44574702/44574802 toner";"8.0";"8.0"
"20059";"Oki  B411/431/451        44574302 OPC";"15.0";"15.0"
"39781";"Oki  B411/431/451    44574302 OPC START";"0.0";"0.0"
"40014";"Oki  B412/432 45807106 toner";"8.0";"8.0"
"51416";"Oki  B412/432 45807106 toner NV";"0.0";"0.0"
"40093";"Oki  B440 black toner";"ZB";"0.0"
"39335";"Oki  B4400/4600     43501902 OPC";"0.0";"0.0"
"47869";"Oki  B4400/4600     43502302 toner";"0.0";"0.0"
"39350";"Oki  B6100             09004058";"0.0";"0.0"
"39247";"Oki  B6200/6300      00904078";"0.0";"0.0"
"39811";"Oki  B6500            09004461, 09004462";"0.0";"0.0"
"39856";"Oki  B710/720/730  01279001 01279101";"0.0";"0.0"
"40895";"Oki  B721/731   45435104 fuser";"0.0";"0.0"
"47972";"Oki  B721/B731  only DRUM";"0.0";"0.0"
"22178";"Oki  B721/B731  only toner";"0.0";"0.0"
"39883";"Oki  B721/B731  toner + drum";"0.0";"0.0"
"39739";"Oki  B840     44661802  toner + drum";"0.0";"0.0"
"40225";"Oki  C301/C310  44472202 transfer belt";"0.0";"0.0"
"40224";"Oki  C301/C310  44472603 fuser";"0.0";"0.0"
"47527";"OKI  C3100/C5200  42625503 fuser";"0.0";"0.0"
"48255";"Oki  C532  ES5432 46394902 transfer belt";"0.0";"0.0"
"40878";"Oki  C5600/5800  43363412 transfer belt";"0.0";"0.0"
"47497";"Oki  C610/711   44289103 fuser";"0.0";"0.0"
"40250";"OKI  C811/831/841 44846204 transfer belt MC853, MC873";"0.0";"0.0"
"47499";"OKI  ES2632/8430  01206701 transfer belt ES8451";"0.0";"0.0"
"47498";"OKI  ES2632/8430/8451 01206601 fuser";"0.0";"0.0"
"47951";"Oki  ES4131    01283601 drum OPC";"0.0";"0.0"
"39970";"Oki  ES4131    44917607 toner";"0.0";"0.0"
"51309";"OKI  Fuser Mix mono/color";"0.0";"0.0"
"48268";"Oki  TYPE 8 OPC";"0.0";"0.0"
"47870";"Oki C110 drum 44250801 cmyk OPC";"0.0";"0.0"
"40508";"Oki C110 toner 44250717, 44250721 yellow";"ZB";"0.0"
"40507";"Oki C110 toner 44250718, 44250722 magent";"ZB";"0.0"
"40506";"Oki C110 toner 44250719, 44250723 cyan";"ZB";"0.0"
"39609";"Oki C110 toner 44250724 black";"0.0";"0.0"
"40239";"Oki C301/310 drum OPC start";"0.0";"0.0"
"39612";"Oki C301/C310 drum OPC";"0.0";"0.0"
"41346";"Oki C301/C310/C510 toner  START";"0.0";"0.0"
"39838";"Oki C301/C310/C510/ES5430 toner black";"0.0";"0.0"
"19595";"Oki C301/C310/C510/ES5430 toner cyan";"0.0";"0.0"
"39361";"Oki C301/C310/C510/ES5430 toner magenta";"0.0";"0.0"
"19604";"Oki C301/C310/C510/ES5430 toner yellow";"0.0";"0.0"
"47694";"Oki C3100 drum 42126641 yellow OPC";"0.0";"0.0"
"47692";"Oki C3100 drum 42126642 magenta OPC";"0.0";"0.0"
"47691";"Oki C3100 drum 42126643 cyan OPC";"0.0";"0.0"
"47865";"Oki C3100 drum 42126644 black OPC";"0.0";"0.0"
"39378";"Oki C3100 toner 42804513 yellow";"0.0";"0.0"
"39377";"Oki C3100 toner 42804514 magenta";"0.0";"0.0"
"39372";"Oki C3100 toner 42804515 cyan";"0.0";"0.0"
"39351";"Oki C3100 toner 42804516 black";"0.0";"0.0"
"47706";"Oki C3200 drum 42126662 yellow OPC";"0.0";"0.0"
"47705";"Oki C3200 drum 42126663 magenta OPC";"0.0";"0.0"
"47704";"Oki C3200 drum 42126664 cyan OPC";"0.0";"0.0"
"47866";"Oki C3200 drum 42126665 black OPC";"0.0";"0.0"
"47703";"Oki C3200 toner 43034805, 42804537 yello";"0.0";"0.0"
"47700";"Oki C3200 toner 43034806, 42804538 magen";"0.0";"0.0"
"47698";"Oki C3200 toner 43034807, 42804539 cyan";"0.0";"0.0"
"47639";"Oki C3200 toner 43034808, 42804540 black";"0.0";"0.0"
"39458";"Oki C3300 drum 43460205 yellow OPC";"ZB";"0.0"
"39454";"Oki C3300 drum 43460206 magenta OPC";"ZB";"0.0"
"39445";"Oki C3300 drum 43460207 cyan OPC";"ZB";"0.0"
"39779";"Oki C3300 drum 43460208 black OPC";"ZB";"0.0"
"39440";"Oki C3300 toner 43459329 yellow";"ZB";"0.0"
"39439";"Oki C3300 toner 43459330 magenta";"ZB";"0.0"
"39437";"Oki C3300 toner 43459331 cyan";"ZB";"0.0"
"39374";"Oki C3300 toner 43459332 black";"ZB";"0.0"
"40701";"Oki C332 toner 46508709, 46508713 yellow";"ZB";"0.0"
"40702";"Oki C332 toner 46508710, 46508714 magent";"ZB";"0.0"
"40703";"Oki C332 toner 46508711, 46508715 cyan";"ZB";"0.0"
"40704";"Oki C332 toner 46508712, 46508716 black";"ZB";"0.0"
"39484";"Oki C5100/5200 drum 42126605 yellow OPC";"0.0";"0.0"
"39476";"Oki C5100/5200 drum 42126606 magenta OPC";"0.0";"0.0"
"39470";"Oki C5100/5200 drum 42126607 cyan OPC";"0.0";"0.0"
"39731";"Oki C5100/5200 drum 42126608 black OPC";"0.0";"0.0"
"39469";"Oki C5200 toner 42127405, 42804505 yello";"ZB";"0.0"
"39466";"Oki C5200 toner 42127406, 42804506 magen";"ZB";"0.0"
"39459";"Oki C5200 toner 42127407, 42804507 cyan";"ZB";"0.0"
"39347";"Oki C5200 toner 42127408, 42804508 black";"ZB";"0.0"
"39493";"Oki C532 drum 46484105 yellow OPC";"0.0";"0.0"
"39492";"Oki C532 drum 46484106 magenta OPC";"0.0";"0.0"
"39491";"Oki C532 drum 46484107 cyan OPC";"0.0";"0.0"
"40307";"Oki C532 drum 46484108 black OPC";"0.0";"0.0"
"40299";"Oki C532 toner  CMYK start";"ZB";"0.0"
"39489";"Oki C532 toner 46490401, 46490605 yellow";"0.0";"0.0"
"39487";"Oki C532 toner 46490402, 46490606 magent";"0.0";"0.0"
"39920";"Oki C532 toner 46490403, 46490607 cyan";"0.0";"0.0"
"40298";"Oki C532 toner 46490404, 46490608 black";"0.0";"0.0"
"39510";"Oki C5600 drum 43381705 yellow OPC 43381721, 43870005, 43870021";"0.0";"0.0"
"39505";"Oki C5600 drum 43381706 magenta OPC43381722, 43870006, 43870022";"0.0";"0.0"
"39893";"Oki C5600 drum 43381707 cyan OPC 43381723, 43870007, 43870023";"0.0";"0.0"
"39588";"Oki C5600 drum 43381708 black OPC 43381724, 43870008, 43870024";"0.0";"0.0"
"39504";"Oki C5600 toner 43324405, 43324421 yello 43865721, 43875705";"0.0";"0.0"
"39502";"Oki C5600 toner 43324406, 43324422 magen 43865722, 43875706";"0.0";"0.0"
"39501";"Oki C5600 toner 43324407, 43324423 cyan 43865723, 43875707";"0.0";"0.0"
"39246";"Oki C5600 toner 43324408, 43324424 black 43865724, 43875708";"0.0";"0.0"
"47724";"Oki C610 drum 44315105 yellow OPC";"0.0";"0.0"
"47722";"Oki C610 drum 44315106 magenta OPC";"0.0";"0.0"
"39522";"Oki C610 drum 44315107 cyan OPC";"0.0";"0.0"
"47868";"Oki C610 drum 44315108 black OPC";"0.0";"0.0"
"39520";"Oki C610 toner 44315305 yellow";"0.0";"0.0"
"39519";"Oki C610 toner 44315306 magenta";"0.0";"0.0"
"39518";"Oki C610 toner 44315307 cyan";"0.0";"0.0"
"39594";"Oki C610 toner 44315308 black";"0.0";"0.0"
"48044";"Oki C612 drum 46507305 yellow OPC";"0.0";"0.0"
"48045";"Oki C612 drum 46507306 magenta OPC";"0.0";"0.0"
"48046";"Oki C612 drum 46507307 cyan OPC";"0.0";"0.0"
"48043";"Oki C612 drum 46507308 black OPC";"0.0";"0.0"
"40646";"Oki C612 toner 46507505 yellow";"ZB";"0.0"
"40645";"Oki C612 toner 46507506 magenta";"ZB";"0.0"
"40644";"Oki C612 toner 46507507 cyan";"ZB";"0.0"
"40643";"Oki C612 toner 46507508 black";"ZB";"0.0"
"41426";"Oki C612 toner START";"ZB";"0.0"
"50860";"Oki C650 DRUM 09006131 black";"0.0";"0.0"
"50862";"Oki C650 DRUM 09006132 cyan";"0.0";"0.0"
"50861";"Oki C650 DRUM 09006133 magenta";"0.0";"0.0"
"50863";"Oki C650 DRUM 09006134 yellow";"0.0";"0.0"
"50859";"Oki C650 toner 09006127 cyan";"0.0";"0.0"
"50858";"Oki C650 toner 09006128 magenta";"0.0";"0.0"
"50857";"Oki C650 toner 09006129 yellow";"0.0";"0.0"
"50856";"Oki C650 toner 09006130 black";"0.0";"0.0"
"39538";"Oki C710 drum 43913805 yellow OPC";"0.0";"0.0"
"39536";"Oki C710 drum 43913806 magenta OPC";"0.0";"0.0"
"39535";"Oki C710 drum 43913807 cyan OPC";"0.0";"0.0"
"39850";"Oki C710 drum 43913808 black OPC";"0.0";"0.0"
"39532";"Oki C710 toner 44318605 yellow";"0.0";"0.0"
"39527";"Oki C710 toner 44318606 magenta";"0.0";"0.0"
"39526";"Oki C710 toner 44318607 cyan";"0.0";"0.0"
"39849";"Oki C710 toner 44318608 black";"0.0";"0.0"
"39577";"Oki C7100 drum 41962805 yellow OPC";"0.0";"0.0"
"39569";"Oki C7100 drum 41962806 magenta OPC";"0.0";"0.0"
"39557";"Oki C7100 drum 41962807 cyan OPC";"0.0";"0.0"
"39839";"Oki C7100 drum 41962808 black OPC";"0.0";"0.0"
"39550";"Oki C7100 toner 41963005 yellow";"ZB";"0.0"
"39547";"Oki C7100 toner 41963006 magenta";"ZB";"0.0"
"39540";"Oki C7100 toner 41963007 cyan";"ZB";"0.0"
"39446";"Oki C7100 toner 41963008 black";"ZB";"0.0"
"41179";"Oki C712 toner 46507613 yellow";"ZB";"0.0"
"41180";"Oki C712 toner 46507614 magenta";"ZB";"0.0"
"41181";"Oki C712 toner 46507615 cyan";"ZB";"0.0"
"41182";"Oki C712 toner 46507616 black";"ZB";"0.0"
"39716";"Oki C801/810/8600 drum black OPC";"0.0";"0.0"
"39708";"Oki C801/810/8600 drum cyan OPC";"0.0";"0.0"
"39719";"Oki C801/810/8600 drum magenta OPC";"0.0";"0.0"
"39761";"Oki C801/810/8600 drum yellow OPC";"0.0";"0.0"
"39662";"Oki C801/810/8600 toner  black";"0.0";"0.0"
"39683";"Oki C801/810/8600 toner  cyan";"0.0";"0.0"
"47769";"Oki C801/810/8600 toner  magenta";"0.0";"0.0"
"39691";"Oki C801/810/8600 toner yellow";"0.0";"0.0"
"39928";"Oki C822 toner   CMYK start";"ZB";"0.0"
"39626";"Oki C822 toner 44844613 yellow";"0.0";"0.0"
"39619";"Oki C822 toner 44844614 magenta";"0.0";"0.0"
"39615";"Oki C822 toner 44844615 cyan";"0.0";"0.0"
"39847";"Oki C822 toner 44844616 black";"0.0";"0.0"
"39634";"Oki C822/831 drum 44844405 yellow OPC";"0.0";"0.0"
"39631";"Oki C822/831 drum 44844406 magenta OPC";"0.0";"0.0"
"39628";"Oki C822/831 drum 44844407 cyan OPC";"0.0";"0.0"
"39848";"Oki C822/831 drum 44844408 black OPC";"0.0";"0.0"
"40500";"Oki C823 drum 46438001 yellow OPC";"0.0";"0.0"
"40499";"Oki C823 drum 46438002 magenta OPC";"0.0";"0.0"
"40498";"Oki C823 drum 46438003 cyan OPC";"0.0";"0.0"
"47575";"Oki C823 drum 46438004 black OPC";"0.0";"0.0"
"40505";"Oki C823 toner  CMYK start";"ZB";"0.0"
"40504";"Oki C823 toner 46471101, 46443101 yellow";"0.0";"0.0"
"40503";"Oki C823 toner 46471102, 46443102 magent";"0.0";"0.0"
"40502";"Oki C823 toner 46471103, 46443103 cyan";"0.0";"0.0"
"40501";"Oki C823 toner 46471104, 46443104 black";"0.0";"0.0"
"51009";"Oki C824/834/844 drum 46857505 yellow OPC";"0.0";"0.0"
"51008";"Oki C824/834/844 drum 46857506 magenta OPC";"0.0";"0.0"
"51007";"Oki C824/834/844 drum 46857507 cyan OPC";"0.0";"0.0"
"51006";"Oki C824/834/844 drum 46857508 black OPC";"0.0";"0.0"
"48670";"Oki C824/C834/C844 toner 47095701 yellow";"0.0";"0.0"
"48669";"Oki C824/C834/C844 toner 47095702 magent";"0.0";"0.0"
"48668";"Oki C824/C834/C844 toner 47095703 cyan";"0.0";"0.0"
"48667";"Oki C824/C834/C844 toner 47095704 black";"0.0";"0.0"
"47751";"Oki C831 toner 44844505 yellow";"0.0";"0.0"
"47750";"Oki C831 toner 44844506 magenta";"0.0";"0.0"
"47749";"Oki C831 toner 44844507 cyan";"0.0";"0.0"
"47878";"Oki C831 toner 44844508 black";"0.0";"0.0"
"48462";"Oki C853/C873 toner  black BIG";"ZB";"0.0"
"39966";"Oki C9200/9300 drum CMYK OPC";"ZB";"0.0"
"39967";"Oki C9200/9300 toner CMYK";"ZB";"0.0"
"39885";"Oki C931 drum 45103713 yellow OPC";"ZB";"0.0"
"39877";"Oki C931 drum 45103714 magenta OPC";"ZB";"0.0"
"39820";"Oki C931 drum 45103715 cmyk OPC";"ZB";"0.0"
"39965";"Oki C931 drum 45103716 black OPC";"ZB";"0.0"
"39803";"Oki C931 toner 45536413 yellow";"ZB";"0.0"
"39792";"Oki C931 toner 45536414 magenta";"ZB";"0.0"
"39768";"Oki C931 toner 45536415 cyan";"ZB";"0.0"
"39964";"Oki C931 toner 45536416 black";"ZB";"0.0"
"40010";"Oki C9600 drum 42918105 yellow OPC";"0.0";"0.0"
"40004";"Oki C9600 drum 42918106 magenta OPC";"0.0";"0.0"
"39959";"Oki C9600 drum 42918107 cyan OPC";"0.0";"0.0"
"47837";"Oki C9600 drum 42918108 black OPC";"0.0";"0.0"
"39958";"Oki C9600 toner 42918913 yellow";"0.0";"0.0"
"39940";"Oki C9600 toner 42918914 magenta";"0.0";"0.0"
"39937";"Oki C9600 toner 42918915 cyan";"0.0";"0.0"
"39780";"Oki C9600 toner 42918916 black";"0.0";"0.0"
"47956";"Oki MC760 drum 45395701 yellow OPC";"0.0";"0.0"
"47955";"Oki MC760 drum 45395702 magenta OPC";"0.0";"0.0"
"47954";"Oki MC760 drum 45395703 cyan OPC";"0.0";"0.0"
"47876";"Oki MC760 drum 45395704 black OPC";"0.0";"0.0"
"24958";"Oki MC760 toner 45396301 yellow";"ZB";"0.0"
"47953";"Oki MC760 toner 45396302 magenta";"ZB";"0.0"
"47952";"Oki MC760 toner 45396303 cyan";"ZB";"0.0"
"39864";"Oki MC760 toner 45396304 black";"ZB";"0.0"
"47768";"Oki MC853 drum 44844469 yellow OPC";"0.0";"0.0"
"47765";"Oki MC853 drum 44844470 magenta OPC";"0.0";"0.0"
"47764";"Oki MC853 drum 44844471 cyan OPC";"0.0";"0.0"
"47758";"Oki MC853 drum 44844472 black OPC";"0.0";"0.0"
"47757";"Oki MC853 toner 45862814, 45862837 yello";"0.0";"0.0"
"47756";"Oki MC853 toner 45862815, 45862838 magen";"0.0";"0.0"
"47752";"Oki MC853 toner 45862816, 45862839 cyan";"0.0";"0.0"
"40238";"Oki MC853 toner 45862818, 45862840 black";"0.0";"0.0"
"47455";"Olivetti  2603mf/2604mf";"0.0";"0.0"
"47506";"Olivetti  3503mf/3504mf/3513mf";"0.0";"0.0"
"48270";"Panasonic  3310";"ZB";"0.0"
"47839";"Panasonic  DP-1510  DQ-HO45B OPC";"ZB";"0.0"
"39845";"Panasonic  DP-MB300   DQ-DCB020X OPC";"ZB";"0.0"
"39829";"Panasonic  DP-MB300   DQ-TCB008X toner";"ZB";"0.0"
"47840";"Panasonic  KX-FA76 toner";"ZB";"0.0"
"39738";"Panasonic  KX-FA78 OPC";"ZB";"0.0"
"39762";"Panasonic  KX-FA83 toner";"ZB";"0.0"
"20184";"Panasonic  KX-FA84X OPC";"ZB";"0.0"
"39734";"Panasonic  KX-FA86X OPC";"ZB";"0.0"
"39986";"Panasonic  KX-FAD C510  OPC";"ZB";"0.0"
"39606";"Panasonic  KX-FAD412E OPC";"ZB";"0.0"
"40248";"Panasonic  KX-FAD473X OPC";"0.0";"0.0"
"39782";"Panasonic  KX-FAD511 OPC";"ZB";"0.0"
"39585";"Panasonic  KX-FAD93E OPC";"ZB";"0.0"
"39783";"Panasonic  KX-FAT390X";"ZB";"0.0"
"39828";"Panasonic  KX-FAT410X   KX-MB1500/07/20";"0.0";"0.0"
"39621";"Panasonic  KX-FAT411E toner";"ZB";"0.0"
"39800";"Panasonic  KX-FAT420/430 toner";"0.0";"0.0"
"39784";"Panasonic  KX-FAT92 toner";"0.0";"0.0"
"47838";"Panasonic  KX-FATK-509";"ZB";"0.0"
"47858";"Panasonic  KX-PDM7 OPC";"ZB";"0.0"
"47810";"Panasonic  UG-3204   toner";"ZB";"0.0"
"39575";"Panasonic  UG-3220   OPC";"ZB";"0.0"
"39587";"Panasonic  UG-3221   toner";"ZB";"0.0"
"47599";"Panasonic  UG-3309";"ZB";"0.0"
"39190";"Panasonic  UG-3313";"ZB";"0.0"
"39076";"Panasonic  UG-3350";"0.0";"0.0"
"39974";"Panasonic  UG-3380";"0.0";"0.0"
"39274";"Panasonic  UG-5510";"ZB";"0.0"
"48932";"PANTUM  CM2200 CP2200 CTL2000   START";"0.0";"0.0"
"48929";"PANTUM  CM2200 CP2200 CTL2000HC cyan";"0.0";"0.0"
"48928";"PANTUM  CM2200 CP2200 CTL2000HK black";"0.0";"0.0"
"48930";"PANTUM  CM2200 CP2200 CTL2000HM magenta";"0.0";"0.0"
"48931";"PANTUM  CM2200 CP2200 CTL2000HY yellow";"0.0";"0.0"
"51902";"Pantum  DL-5120";"0.0";"0.0"
"51849";"PANTUM TL-410X";"0.0";"0.0"
"39837";"Phillips PFA-821  PFA-822";"0.0";"0.0"
"39726";"Ricoh  1285 G289";"0.0";"0.0"
"41430";"Ricoh  2210D  885053";"ZB";"0.0"
"48415";"Ricoh  2220D  885266";"ZB";"0.0"
"47809";"Ricoh  AIT / PCU ATHENA C2";"0.0";"0.0"
"39859";"Ricoh  AP 400";"0.0";"0.0"
"51697";"Ricoh  C5200 black 828426";"0.0";"0.0"
"51698";"Ricoh  C5200 cyan 828429";"0.0";"0.0"
"51699";"Ricoh  C5200 magenta 82848";"0.0";"0.0"
"51700";"Ricoh  C5200 yellow 82847";"0.0";"0.0"
"40076";"Ricoh  Fax 1195L  431147   toner";"0.0";"0.0"
"47465";"Ricoh  Fax 1195L  431148   OPC";"0.0";"0.0"
"47859";"Ricoh  FX200    2285";"0.0";"0.0"
"47719";"Ricoh  H 191-77";"0.0";"0.0"
"51367";"Ricoh  IM350 Black 418133";"0.0";"0.0"
"49225";"Ricoh  IMC 4500 black";"0.0";"0.0"
"49226";"Ricoh  IMC 4500 cyan";"0.0";"0.0"
"49227";"Ricoh  IMC 4500 magenta";"0.0";"0.0"
"49228";"Ricoh  IMC 4500 yellow";"0.0";"0.0"
"39398";"Ricoh  InfoPrint 1532";"0.0";"0.0"
"47923";"Ricoh  InfoPrint 1540/1560/1580 OPC";"0.0";"0.0"
"39989";"Ricoh  InfoPrint 1540/1560/1580 toner";"0.0";"0.0"
"39675";"Ricoh  InfoPrint 1601/1602/1612";"0.0";"0.0"
"47922";"Ricoh  InfoPrint 1601/1602/1612 OPC";"0.0";"0.0"
"40078";"Ricoh  InfoPrint 1832/1852/1872";"0.0";"0.0"
"40606";"Ricoh  MP-2000  toner";"ZB";"0.0"
"41429";"Ricoh  MP-201";"0.0";"0.0"
"41141";"Ricoh  MP-305  tuba";"0.0";"0.0"
"40306";"Ricoh  MP-601  toner";"0.0";"0.0"
"48985";"Ricoh  MPC 2003/2503/2011 D1882264  DRUM";"0.0";"0.0"
"49217";"Ricoh  MPC 2503 black";"0.0";"0.0"
"49218";"Ricoh  MPC 2503 cyan";"0.0";"0.0"
"49219";"Ricoh  MPC 2503 magenta";"0.0";"0.0"
"49220";"Ricoh  MPC 2503 yellow";"0.0";"0.0"
"48899";"Ricoh  MPC 2800 black";"0.0";"0.0"
"48900";"Ricoh  MPC 2800 cyan";"0.0";"0.0"
"48901";"Ricoh  MPC 2800 magenta";"0.0";"0.0"
"48902";"Ricoh  MPC 2800 yellow";"0.0";"0.0"
"47804";"Ricoh  MPC 2800/3300  DRUM";"0.0";"0.0"
"47806";"Ricoh  MPC 300 / 400  DEV BLACK";"0.0";"0.0"
"47805";"Ricoh  MPC 300 / 400 PCU";"0.0";"0.0"
"48359";"Ricoh  MPC 3000 black toner";"0.0";"0.0"
"41340";"Ricoh  MPC 3000 cyan toner";"0.0";"0.0"
"41341";"Ricoh  MPC 3000 magenta toner";"0.0";"0.0"
"48360";"Ricoh  MPC 3000 yellow toner";"0.0";"0.0"
"48411";"Ricoh  MPC 3001/3501 black 841424";"0.0";"0.0"
"41427";"Ricoh  MPC 3001/3501 cyan 841427";"0.0";"0.0"
"48412";"Ricoh  MPC 3001/3501 magenta 841426";"0.0";"0.0"
"48413";"Ricoh  MPC 3001/3501 yellow 841425";"0.0";"0.0"
"48356";"Ricoh  MPC 3002/3502 black toner";"0.0";"0.0"
"48355";"Ricoh  MPC 3002/3502 cyan toner";"0.0";"0.0"
"48357";"Ricoh  MPC 3002/3502 magenta toner";"0.0";"0.0"
"48358";"Ricoh  MPC 3002/3502 yellow toner";"0.0";"0.0"
"40077";"Ricoh  MPC 305 black toner";"0.0";"0.0"
"48889";"Ricoh  MPC 305 cyan toner";"0.0";"0.0"
"48890";"Ricoh  MPC 305 magenta toner";"0.0";"0.0"
"48891";"Ricoh  MPC 305 yellow toner";"0.0";"0.0"
"41342";"Ricoh  MPC 306/307/406/407 black toner";"0.0";"0.0"
"41343";"Ricoh  MPC 306/307/406/407 cyan toner";"0.0";"0.0"
"41344";"Ricoh  MPC 306/307/406/407 magenta toner";"0.0";"0.0"
"41345";"Ricoh  MPC 306/307/406/407 yellow toner";"0.0";"0.0"
"41392";"Ricoh  MPC 3503 black 841817";"0.0";"0.0"
"41395";"Ricoh  MPC 3503 cyan 841820";"0.0";"0.0"
"41394";"Ricoh  MPC 3503 magenta 841819";"0.0";"0.0"
"41393";"Ricoh  MPC 3503 yellow 841818";"0.0";"0.0"
"47746";"Ricoh  MPC 4000/5000  DRUM";"0.0";"0.0"
"48892";"Ricoh  MPC 4000/5000 black toner";"0.0";"0.0"
"48893";"Ricoh  MPC 4000/5000 cyan toner";"0.0";"0.0"
"48894";"Ricoh  MPC 4000/5000 magenta toner";"0.0";"0.0"
"48895";"Ricoh  MPC 4000/5000 yellow toner";"0.0";"0.0"
"49221";"Ricoh  MPC 4500 black";"0.0";"0.0"
"49222";"Ricoh  MPC 4500 cyan";"0.0";"0.0"
"49223";"Ricoh  MPC 4500 magenta";"0.0";"0.0"
"49224";"Ricoh  MPC 4500 yellow";"0.0";"0.0"
"41455";"Ricoh  MPC 6003 black 841853";"0.0";"0.0"
"48442";"Ricoh  MPC 6003 cyan 841856";"0.0";"0.0"
"41456";"Ricoh  MPC 6003 magenta 841855";"0.0";"0.0"
"41457";"Ricoh  MPC 6003 yellow 841854";"0.0";"0.0"
"51363";"Ricoh  MPC2551 Black 6B0215-1987";"0.0";"0.0"
"51364";"Ricoh  MPC2551 Cyan 0J1005482";"0.0";"0.0"
"51365";"Ricoh  MPC2551 Magenta 3J0901181";"0.0";"0.0"
"51366";"Ricoh  MPC2551 Yellow 5B3385-0807";"0.0";"0.0"
"41219";"Ricoh  P501/502H 418094  DRUM";"0.0";"0.0"
"41218";"Ricoh  P501/502H 418447  toner";"0.0";"0.0"
"47807";"Ricoh  PCU / DRUM DIANA C1";"0.0";"0.0"
"47808";"Ricoh  PCU / DRUM STELLA";"0.0";"0.0"
"39895";"Ricoh  SP 100";"ZB";"0.0"
"40059";"Ricoh  SP 150 toner";"0.0";"0.0"
"39646";"Ricoh  SP 201/203";"0.0";"0.0"
"39858";"Ricoh  SP 300";"0.0";"0.0"
"39901";"Ricoh  SP 311";"0.0";"0.0"
"48074";"Ricoh  SP 377";"0.0";"0.0"
"41365";"Ricoh  SP 450";"ZB";"0.0"
"39813";"Ricoh  SP1000 SP1100   FAX1140 / 1180";"0.0";"0.0"
"47740";"Ricoh  SP1200";"0.0";"0.0"
"47910";"Ricoh  SP1200 OPC";"0.0";"0.0"
"40850";"Ricoh  SP330";"0.0";"0.0"
"39500";"Ricoh  SP3300";"0.0";"0.0"
"39618";"Ricoh  SP3400";"0.0";"0.0"
"48349";"Ricoh  SP3710";"0.0";"0.0"
"39592";"Ricoh  SP4100  15 K";"0.0";"0.0"
"39993";"Ricoh  SP4100  7,5 K";"0.0";"0.0"
"40037";"Ricoh  SP4500/4510  OPC";"0.0";"0.0"
"39971";"Ricoh  SP4500E  toner";"0.0";"0.0"
"40235";"Ricoh  SP4510E  toner";"0.0";"0.0"
"47477";"Ricoh  SP5200";"0.0";"0.0"
"39816";"Ricoh  SP6330N";"0.0";"0.0"
"40355";"Ricoh  SP6430";"0.0";"0.0"
"40356";"Ricoh  SP6430 OPC";"0.0";"0.0"
"39593";"Ricoh  SPC 220 black";"6.0";"6.0"
"40614";"Ricoh  SPC 220 cyan";"6.0";"6.0"
"40615";"Ricoh  SPC 220 magenta";"6.0";"6.0"
"40616";"Ricoh  SPC 220 yellow";"6.0";"6.0"
"39865";"Ricoh  SPC 250 black";"6.0";"6.0"
"40620";"Ricoh  SPC 250 cyan";"6.0";"6.0"
"40621";"Ricoh  SPC 250 magenta";"6.0";"6.0"
"40622";"Ricoh  SPC 250 yellow";"6.0";"6.0"
"39629";"Ricoh  SPC 310 black";"6.0";"6.0"
"40617";"Ricoh  SPC 310 cyan";"6.0";"6.0"
"40618";"Ricoh  SPC 310 magenta";"6.0";"6.0"
"40619";"Ricoh  SPC 310 yellow";"6.0";"6.0"
"40865";"Ricoh  SPC 340 black";"6.0";"6.0"
"40866";"Ricoh  SPC 340 cyan";"6.0";"6.0"
"40867";"Ricoh  SPC 340 magenta";"6.0";"6.0"
"40868";"Ricoh  SPC 340 yellow";"6.0";"6.0"
"48470";"Ricoh  SPC 352   DRUM black";"0.0";"0.0"
"51753";"Ricoh  SPC 352   DRUM cyan";"0.0";"0.0"
"51754";"Ricoh  SPC 352   DRUM magenta";"0.0";"0.0"
"51755";"Ricoh  SPC 352   DRUM yellow";"0.0";"0.0"
"41153";"Ricoh  SPC 352 black";"0.0";"0.0"
"41154";"Ricoh  SPC 352 cyan";"0.0";"0.0"
"41155";"Ricoh  SPC 352 magenta";"0.0";"0.0"
"41156";"Ricoh  SPC 352 yellow";"0.0";"0.0"
"48938";"Ricoh  SPC 360   START";"0.0";"0.0"
"48259";"Ricoh  SPC 360 black";"0.0";"0.0"
"48260";"Ricoh  SPC 360 cyan";"0.0";"0.0"
"48261";"Ricoh  SPC 360 magenta";"0.0";"0.0"
"48262";"Ricoh  SPC 360 yellow";"0.0";"0.0"
"47736";"Ricoh  SPC 430 black";"0.0";"0.0"
"48896";"Ricoh  SPC 430 cyan";"0.0";"0.0"
"48897";"Ricoh  SPC 430 magenta";"0.0";"0.0"
"48898";"Ricoh  SPC 430 yellow";"0.0";"0.0"
"49113";"Ricoh  SPC410 SPC411 SPC420 black";"0.0";"0.0"
"49114";"Ricoh  SPC410 SPC411 SPC420 cyan";"0.0";"0.0"
"49115";"Ricoh  SPC410 SPC411 SPC420 magenta";"0.0";"0.0"
"49116";"Ricoh  SPC410 SPC411 SPC420 yellow";"0.0";"0.0"
"47803";"Ricoh  Type 1027, 2027, 320";"0.0";"0.0"
"39744";"Ricoh  Type 1260D / 1255D";"0.0";"0.0"
"40007";"Ricoh  Type 1275 BK";"0.0";"0.0"
"39939";"Ricoh  Type 150  Fax 4800L   OPC";"0.0";"0.0"
"39775";"Ricoh  Type 2900L (1435)";"0.0";"0.0"
"40432";"Samsung  CLP-300     CLP-C300A cyan";"0.0";"0.0"
"47747";"Samsung  CLP-300     CLP-K300A black";"0.0";"0.0"
"40431";"Samsung  CLP-300     CLP-M300A magenta";"0.0";"0.0"
"40433";"Samsung  CLP-300     CLP-Y300A yellow";"0.0";"0.0"
"47524";"Samsung  CLP-300 drum  CLP-R300A  OPC";"0.0";"0.0"
"39413";"Samsung  CLP-310  CLT-4092  START";"ZB";"0.0"
"40434";"Samsung  CLP-310  CLT-C4092S cyan";"0.0";"0.0"
"39315";"Samsung  CLP-310  CLT-K4092S black";"0.0";"0.0"
"40435";"Samsung  CLP-310  CLT-M4092S magenta";"0.0";"0.0"
"40436";"Samsung  CLP-310  CLT-Y4092S yellow";"0.0";"0.0"
"39805";"Samsung  CLP-310 drum  CLT-R409    OPC";"0.0";"0.0"
"39417";"Samsung  CLP-320  CLT-4072  START";"ZB";"0.0"
"40437";"Samsung  CLP-320  CLT-C4072S cyan";"0.0";"0.0"
"39412";"Samsung  CLP-320  CLT-K4072S black";"0.0";"0.0"
"40438";"Samsung  CLP-320  CLT-M4072S magenta";"0.0";"0.0"
"24739";"Samsung  CLP-320  CLT-Y4072S yellow";"0.0";"0.0"
"39673";"Samsung  CLP-320 drum  CLT-R407  OPC";"0.0";"0.0"
"47554";"Samsung  CLP-350  CLP-C350A cyan";"0.0";"0.0"
"47665";"Samsung  CLP-350  CLP-K350A black";"0.0";"0.0"
"47555";"Samsung  CLP-350  CLP-M350A magenta";"0.0";"0.0"
"47556";"Samsung  CLP-350  CLP-Y350A yellow";"0.0";"0.0"
"47557";"Samsung  CLP-350 drum  CLP-R350A  OPC";"0.0";"0.0"
"39551";"Samsung  CLP-360  CLT-406S  START";"0.0";"0.0"
"40439";"Samsung  CLP-360  CLT-C406S cyan";"0.0";"0.0"
"47645";"Samsung  CLP-360  CLT-K406S black";"0.0";"0.0"
"40440";"Samsung  CLP-360  CLT-M406S magenta";"0.0";"0.0"
"40441";"Samsung  CLP-360  CLT-Y406S yellow";"0.0";"0.0"
"39627";"Samsung  CLP-360 CLT-R406  OPC";"0.0";"0.0"
"40642";"Samsung  CLP-360 CLT-R406 OPC W-out Chip";"ZB";"0.0"
"39817";"Samsung  CLP-415  CLT-504 START";"0.0";"0.0"
"40442";"Samsung  CLP-415  CLT-C504S cyan";"0.0";"0.0"
"39581";"Samsung  CLP-415  CLT-K504S black";"0.0";"0.0"
"40443";"Samsung  CLP-415  CLT-M504S magenta";"0.0";"0.0"
"40444";"Samsung  CLP-415  CLT-Y504S yellow";"0.0";"0.0"
"40445";"Samsung  CLP-500  CLP-500D5C cyan";"ZB";"0.0"
"40446";"Samsung  CLP-500  CLP-500D5M magenta";"ZB";"0.0"
"40291";"Samsung  CLP-500  CLP-500D5Y yellow";"ZB";"0.0"
"47622";"Samsung  CLP-500  CLP-500D7K black";"ZB";"0.0"
"47559";"Samsung  CLP-500 drum  CLP-500RB  OPC";"0.0";"0.0"
"40447";"Samsung  CLP-510  CLP-510D5C cyan";"ZB";"0.0"
"47558";"Samsung  CLP-510  CLP-510D5M magenta";"ZB";"0.0"
"40448";"Samsung  CLP-510  CLP-510D5Y yellow";"ZB";"0.0"
"39198";"Samsung  CLP-510  CLP-510D7K black";"ZB";"0.0"
"47560";"Samsung  CLP-510 drum  CLP-510RB  OPC";"0.0";"0.0"
"40449";"Samsung  CLP-600  CLP-C600A cyan";"ZB";"0.0"
"39276";"Samsung  CLP-600  CLP-K600A black";"ZB";"0.0"
"40450";"Samsung  CLP-600  CLP-M600A magenta";"ZB";"0.0"
"40451";"Samsung  CLP-600  CLP-Y600A yellow";"ZB";"0.0"
"40452";"Samsung  CLP-620  CLT-C5082 cyan";"0.0";"0.0"
"39477";"Samsung  CLP-620  CLT-K5082 black";"0.0";"0.0"
"40453";"Samsung  CLP-620  CLT-M5082 magenta";"0.0";"0.0"
"40454";"Samsung  CLP-620  CLT-Y5082 yellow";"0.0";"0.0"
"40455";"Samsung  CLP-660  CLP-C660B cyan";"ZB";"0.0"
"39279";"Samsung  CLP-660  CLP-K660B black";"ZB";"0.0"
"40456";"Samsung  CLP-660  CLP-M660B magenta";"ZB";"0.0"
"40457";"Samsung  CLP-660  CLP-Y660B yellow";"ZB";"0.0"
"39650";"Samsung  CLP-680  CLT-506 START";"0.0";"0.0"
"40461";"Samsung  CLP-680  CLT-C506L cyan";"0.0";"0.0"
"40458";"Samsung  CLP-680  CLT-C506S cyan";"0.0";"0.0"
"39873";"Samsung  CLP-680  CLT-K506L black";"0.0";"0.0"
"39580";"Samsung  CLP-680  CLT-K506S black";"0.0";"0.0"
"40462";"Samsung  CLP-680  CLT-M506L magenta";"0.0";"0.0"
"40459";"Samsung  CLP-680  CLT-M506S magenta";"0.0";"0.0"
"40463";"Samsung  CLP-680  CLT-Y506L yellow";"0.0";"0.0"
"40460";"Samsung  CLP-680  CLT-Y506S yellow";"0.0";"0.0"
"40464";"Samsung  CLP-770  CLT-C6092S cyan";"0.0";"0.0"
"39369";"Samsung  CLP-770  CLT-K6092S black";"0.0";"0.0"
"40465";"Samsung  CLP-770  CLT-M6092S magenta";"0.0";"0.0"
"40466";"Samsung  CLP-770  CLT-Y6092S yellow";"0.0";"0.0"
"40015";"Samsung  CLT-404   START";"ZB";"0.0"
"40428";"Samsung  CLT-404S  CLT-C404S cyan";"0.0";"0.0"
"40008";"Samsung  CLT-404S  CLT-K404S black";"0.0";"0.0"
"40429";"Samsung  CLT-404S  CLT-M404S magenta";"0.0";"0.0"
"40430";"Samsung  CLT-404S  CLT-Y404S yellow";"0.0";"0.0"
"40247";"Samsung  CLT-503  START";"0.0";"0.0"
"40467";"Samsung  CLT-503L    CLT-C503L cyan";"0.0";"0.0"
"40072";"Samsung  CLT-503L    CLT-K503L black";"0.0";"0.0"
"40468";"Samsung  CLT-503L    CLT-M503L magenta";"0.0";"0.0"
"40469";"Samsung  CLT-503L    CLT-Y503L yellow";"0.0";"0.0"
"40209";"Samsung  CLT-505   START";"0.0";"0.0"
"40470";"Samsung  CLT-505L  CLT-C505L cyan";"0.0";"0.0"
"39954";"Samsung  CLT-505L  CLT-K505L black";"0.0";"0.0"
"40471";"Samsung  CLT-505L  CLT-M505L magenta";"0.0";"0.0"
"40472";"Samsung  CLT-505L  CLT-Y505L yellow";"0.0";"0.0"
"40588";"Samsung  CLT-603  START";"0.0";"0.0"
"47561";"Samsung  CLT-603L  CLT-C603L cyan";"0.0";"0.0"
"40370";"Samsung  CLT-603L  CLT-K603L black";"0.0";"0.0"
"47562";"Samsung  CLT-603L  CLT-M603L magenta";"0.0";"0.0"
"47563";"Samsung  CLT-603L  CLT-Y603L yellow";"0.0";"0.0"
"47568";"Samsung  CLT-6062S  CLT-C6062S cyan";"0.0";"0.0"
"39857";"Samsung  CLT-6062S  CLT-K6062S black";"0.0";"0.0"
"40481";"Samsung  CLT-6062S  CLT-M6062S magenta";"0.0";"0.0"
"40482";"Samsung  CLT-6062S  CLT-Y6062S yellow";"0.0";"0.0"
"47571";"Samsung  CLT-6072S  CLT-C6072S cyan";"0.0";"0.0"
"47570";"Samsung  CLT-6072S  CLT-M6072S magenta";"0.0";"0.0"
"47569";"Samsung  CLT-6072S  CLT-Y6072S yellow";"0.0";"0.0"
"47564";"Samsung  CLT-804S  CLT-C804S cyan";"0.0";"0.0"
"40354";"Samsung  CLT-804S  CLT-K804S black";"0.0";"0.0"
"40473";"Samsung  CLT-804S  CLT-M804S magenta";"0.0";"0.0"
"40474";"Samsung  CLT-804S  CLT-Y804S yellow";"0.0";"0.0"
"48283";"Samsung  CLT-806S  CLT-C806S cyan";"0.0";"0.0"
"48284";"Samsung  CLT-806S  CLT-K806S black";"0.0";"0.0"
"48285";"Samsung  CLT-806S  CLT-M806S magenta";"0.0";"0.0"
"48286";"Samsung  CLT-806S  CLT-Y806S yellow";"0.0";"0.0"
"40475";"Samsung  CLT-808S  CLT-C808S cyan";"0.0";"0.0"
"40304";"Samsung  CLT-808S  CLT-K808S black";"0.0";"0.0"
"40476";"Samsung  CLT-808S  CLT-M808S magenta";"0.0";"0.0"
"40477";"Samsung  CLT-808S  CLT-Y808S yellow";"0.0";"0.0"
"40478";"Samsung  CLT-809S  CLT-C809S cyan";"0.0";"0.0"
"40061";"Samsung  CLT-809S  CLT-K809S black";"0.0";"0.0"
"40479";"Samsung  CLT-809S  CLT-M809S magenta";"0.0";"0.0"
"40480";"Samsung  CLT-809S  CLT-Y809S yellow";"0.0";"0.0"
"47572";"Samsung  CLT-R607C drum cyan OPC";"0.0";"0.0"
"47875";"Samsung  CLT-R607K drum black OPC";"0.0";"0.0"
"47573";"Samsung  CLT-R607M drum magenta OPC";"0.0";"0.0"
"47574";"Samsung  CLT-R607Y drum yellow OPC";"0.0";"0.0"
"40587";"Samsung  CLT-R804 drum  CLT-R804  OPC";"0.0";"0.0"
"41201";"Samsung  CLT-R806K drum black OPC";"0.0";"0.0"
"40862";"Samsung  CLT-R808 drum OPC";"ZB";"0.0"
"40302";"Samsung  CLT-R809 drum  CLT-R809  OPC";"ZB";"0.0"
"47565";"Samsung  CLX-8385    CLX-C8385A cyan";"ZB";"0.0"
"39797";"Samsung  CLX-8385    CLX-K8385A black";"ZB";"0.0"
"47566";"Samsung  CLX-8385    CLX-M8385A magenta";"ZB";"0.0"
"47567";"Samsung  CLX-8385    CLX-Y8385A yellow";"ZB";"0.0"
"40561";"Samsung  CLX-R8385 drum START cmyk";"ZB";"0.0"
"40483";"Samsung  CLX-R8385C drum cyan  OPC";"ZB";"0.0"
"39798";"Samsung  CLX-R8385K drum black  OPC";"ZB";"0.0"
"40484";"Samsung  CLX-R8385M drum magenta  OPC";"ZB";"0.0"
"40485";"Samsung  CLX-R8385Y drum yellow  OPC";"ZB";"0.0"
"19996";"Samsung  M2020  MLT-D111S  111S";"0.0";"0.0"
"20327";"Samsung  M2020  MLT-D111S  111S  START";"0.0";"0.0"
"47430";"Samsung  M2625  MLT-D116    116  INNY";"0.0";"0.0"
"39706";"Samsung  M2625  MLT-D116    116  START";"0.0";"0.0"
"39579";"Samsung  M2625  MLT-D116L  116L";"0.0";"0.0"
"39583";"Samsung  M2625  MLT-D116S  116S";"0.0";"0.0"
"39724";"Samsung  M2625  MLT-R116    R116  OPC";"0.0";"0.0"
"39653";"Samsung  M3320  MLT-D203    203  START";"0.0";"0.0"
"21181";"Samsung  M3320  MLT-D203E  203E";"0.0";"0.0"
"39655";"Samsung  M3320  MLT-D203L  203L";"0.0";"0.0"
"39654";"Samsung  M3320  MLT-D203S  203S";"0.0";"0.0"
"39982";"Samsung  M3320  MLT-D203U  203U";"0.0";"0.0"
"39764";"Samsung  M3325  MLT-D204    204  START";"0.0";"0.0"
"39696";"Samsung  M3325  MLT-D204L  204L";"0.0";"0.0"
"47862";"Samsung  M3325  MLT-D204S  204S";"0.0";"0.0"
"39935";"Samsung  M3325  MLT-R204    R204 OPC";"0.0";"0.0"
"40863";"Samsung  M4030  MLT-D201L  201L";"0.0";"0.0"
"48382";"Samsung  M4530  MLT-D304    304  START";"0.0";"0.0"
"47852";"Samsung  M4530  MLT-D304L  304L";"0.0";"0.0"
"39126";"Samsung  ML-1210";"0.0";"0.0"
"39137";"Samsung  ML-1520";"0.0";"0.0"
"39168";"Samsung  ML-1610";"0.0";"0.0"
"39296";"Samsung  ML-1630";"0.0";"0.0"
"39435";"Samsung  ML-1630  START";"0.0";"0.0"
"39314";"Samsung  ML-1640  MLT-D1082   108";"0.0";"0.0"
"47687";"Samsung  ML-1640  MLT-D1082   108  START";"0.0";"0.0"
"39131";"Samsung  ML-1660  MLT-D1042S 104";"0.0";"0.0"
"39125";"Samsung  ML-1710";"0.0";"0.0"
"47709";"Samsung  ML-1910  MLT-D1052   105  START";"0.0";"0.0"
"19637";"Samsung  ML-1910  MLT-D1052L 105L";"0.0";"0.0"
"39348";"Samsung  ML-1910  MLT-D1052S 105S";"0.0";"0.0"
"39208";"Samsung  ML-2010";"0.0";"0.0"
"39707";"Samsung  ML-2010  nit";"0.0";"0.0"
"47688";"Samsung  ML-2010  START";"0.0";"0.0"
"39132";"Samsung  ML-2150";"ZB";"0.0"
"19793";"Samsung  ML-2160  MLT-D101S   101";"0.0";"0.0"
"39483";"Samsung  ML-2160  MLT-D101S   101  START";"0.0";"0.0"
"39169";"Samsung  ML-2250";"0.0";"0.0"
"39133";"Samsung  ML-2550";"ZB";"0.0"
"47723";"Samsung  ML-2850A / 2092A  START";"0.0";"0.0"
"39269";"Samsung  ML-2850B";"0.0";"0.0"
"39486";"Samsung  ML-2950  MLT-D103    103  START";"0.0";"0.0"
"19795";"Samsung  ML-2950  MLT-D103L  103L";"0.0";"0.0"
"39515";"Samsung  ML-2950  MLT-D103S  103S";"0.0";"0.0"
"39217";"Samsung  ML-3050";"0.0";"0.0"
"39478";"Samsung  ML-3310  MLT-D205    205  START";"0.0";"0.0"
"39450";"Samsung  ML-3310  MLT-D205L  205L";"0.0";"0.0"
"47702";"Samsung  ML-3310  MLT-D205S  205S";"0.0";"0.0"
"39610";"Samsung  ML-3470";"0.0";"0.0"
"39215";"Samsung  ML-3560";"ZB";"0.0"
"39854";"Samsung  ML-3750  MLT-D305    305 START";"0.0";"0.0"
"39574";"Samsung  ML-3750  MLT-D305L  305L";"0.0";"0.0"
"47742";"Samsung  ML-3750  MLT-D305S  305S";"0.0";"0.0"
"47763";"Samsung  ML-4500";"0.0";"0.0"
"39855";"Samsung  ML-4510  MLT-D307    307 START";"0.0";"0.0"
"39667";"Samsung  ML-4510  MLT-D307L  307L";"0.0";"0.0"
"47879";"Samsung  ML-4510  MLT-R307   R307 OPC";"0.0";"0.0"
"39884";"Samsung  ML-4510 MLT-D307S 307S";"0.0";"0.0"
"47652";"Samsung  ML-4550";"0.0";"0.0"
"39485";"Samsung  ML-5510  MLT-D309    309  START";"0.0";"0.0"
"39665";"Samsung  ML-5510  MLT-D309L  309L";"0.0";"0.0"
"39985";"Samsung  ML-5510  MLT-D309S  309S";"0.0";"0.0"
"39983";"Samsung  ML-5510  MLT-R309    309  drum";"0.0";"0.0"
"39140";"Samsung  ML-6060";"0.0";"0.0"
"39666";"Samsung  MLT-D119S";"0.0";"0.0"
"47908";"Samsung  MLT-D303    303";"0.0";"0.0"
"47921";"Samsung  MLT-D303    303  START";"0.0";"0.0"
"47938";"Samsung  MLT-D308L       308L";"0.0";"0.0"
"40353";"Samsung  MLT-D704S            704S";"0.0";"0.0"
"40305";"Samsung  MLT-D708   toner";"0.0";"0.0"
"47523";"Samsung  MLT-D709S            709S";"0.0";"0.0"
"49313";"Samsung  MLT-K706S";"0.0";"0.0"
"41328";"Samsung  MLT-R303 drum   R303 OPC";"0.0";"0.0"
"41329";"Samsung  MLT-R304 drum   R304 OPC";"0.0";"0.0"
"39191";"Samsung  SCX-4100";"0.0";"0.0"
"19341";"Samsung  SCX-4200/4300   MLT-D1092  109";"0.0";"0.0"
"39159";"Samsung  SCX-4216";"ZB";"0.0"
"47630";"Samsung  SCX-4521";"ZB";"0.0"
"47779";"Samsung  SCX-4655 MLT-D117   117  START";"0.0";"0.0"
"47766";"Samsung  SCX-4655 MLT-D117S 117S";"0.0";"0.0"
"39200";"Samsung  SCX-4720";"ZB";"0.0"
"39261";"Samsung  SCX-4725";"0.0";"0.0"
"47663";"Samsung  SCX-4824  MLT-D2092  209L";"0.0";"0.0"
"47782";"Samsung  SCX-5312D6";"0.0";"0.0"
"39732";"Samsung  SCX-5530A START";"0.0";"0.0"
"47743";"Samsung  SCX-5530B";"0.0";"0.0"
"39611";"Samsung  SCX-5635  MLT-D2082  208L";"0.0";"0.0"
"47744";"Samsung  SCX-5635  MLT-D2082  208S START";"0.0";"0.0"
"39432";"Samsung  SCX-6320D8";"ZB";"0.0"
"47672";"Samsung  SCX-6320R2  OPC";"0.0";"0.0"
"40068";"Samsung  SCX-6345A toner";"0.0";"0.0"
"39652";"Samsung  SCX-D6555A toner";"0.0";"0.0"
"40240";"Samsung  SCX-R6345A  OPC";"0.0";"0.0"
"47487";"Samsung  SCX-R6550A  OPC";"0.0";"0.0"
"39681";"Samsung  SCX-R6555A  OPC";"0.0";"0.0"
"47767";"Sharp  156T";"0.0";"0.0"
"51233";"Sharp  25GTCA Black";"0.0";"0.0"
"51230";"Sharp  25GTCA Cyan";"0.0";"0.0"
"51232";"Sharp  25GTCA Magenta";"0.0";"0.0"
"51231";"Sharp  25GTCA Yellow";"0.0";"0.0"
"47826";"Sharp  AR020T";"0.0";"0.0"
"50798";"Sharp  BPGT70BB black";"0.0";"0.0"
"50801";"Sharp  BPGT70CB cyan";"0.0";"0.0"
"50800";"Sharp  BPGT70MB magenta";"0.0";"0.0"
"50799";"Sharp  BPGT70YB yellow";"0.0";"0.0"
"47754";"Sharp  MX 200";"0.0";"0.0"
"41140";"Sharp  MX 500";"0.0";"0.0"
"39774";"Sharp  MX23 black";"0.0";"0.0"
"41142";"Sharp  MX23 cyan";"0.0";"0.0"
"41144";"Sharp  MX23 magenta";"0.0";"0.0"
"41143";"Sharp  MX23 yellow";"0.0";"0.0"
"47836";"Sharp  MX27GTBA black";"0.0";"0.0"
"48482";"Sharp  MX27GTCA cyan";"0.0";"0.0"
"48483";"Sharp  MX27GTMA magenta";"0.0";"0.0"
"48484";"Sharp  MX27GTYA yellow";"0.0";"0.0"
"48485";"Sharp  MX31GTBA black";"0.0";"0.0"
"48486";"Sharp  MX31GTCA cyan";"0.0";"0.0"
"48487";"Sharp  MX31GTMA magenta";"0.0";"0.0"
"48488";"Sharp  MX31GTYA yellow";"0.0";"0.0"
"41085";"Sharp  MX36GTBA black";"0.0";"0.0"
"48251";"Sharp  MX36GTCA cyan";"0.0";"0.0"
"41087";"Sharp  MX36GTMA magenta";"0.0";"0.0"
"41086";"Sharp  MX36GTYA yellow";"0.0";"0.0"
"48642";"Sharp  MX60GTBA black";"0.0";"0.0"
"48643";"Sharp  MX60GTCA cyan";"0.0";"0.0"
"48644";"Sharp  MX60GTMA magenta";"0.0";"0.0"
"48645";"Sharp  MX60GTYA yellow";"0.0";"0.0"
"45080";"Sharp  MX61GTBA black";"ZB";"0.0"
"45079";"Sharp  MX61GTCA cyan";"ZB";"0.0"
"41135";"Sharp  MX61GTCA yellow";"ZB";"0.0"
"41134";"Sharp  MX61GTYA magenta";"ZB";"0.0"
"48983";"Sharp  MX-C30 cmyk";"0.0";"0.0"
"47796";"Sharp  MX-C38GRB black";"0.0";"0.0"
"47797";"Sharp  MX-C38GRS cmy";"0.0";"0.0"
"48350";"Toshiba E-Studio 305 black";"0.0";"0.0"
"41337";"Toshiba E-Studio 305 cyan";"0.0";"0.0"
"41338";"Toshiba E-Studio 305 magenta";"0.0";"0.0"
"41339";"Toshiba E-Studio 305 yellow";"0.0";"0.0"
"41333";"Toshiba E-Studio 338 black";"ZB";"0.0"
"41334";"Toshiba E-Studio 338 cyan";"ZB";"0.0"
"41336";"Toshiba E-Studio 338 magenta";"ZB";"0.0"
"41335";"Toshiba E-Studio 338 yellow";"ZB";"0.0"
"40607";"Toshiba E-Studio 385";"0.0";"0.0"
"48973";"Toshiba E-Studio 385  DRUM";"0.0";"0.0"
"41217";"Toshiba E-Studio 408s/448s/478p";"0.0";"0.0"
"40035";"Toshiba E-Studio 520p/525p";"0.0";"0.0"
"41331";"Toshiba E-Studio 528p";"0.0";"0.0"
"51850";"transakcja nie doszła do skutku";"0.0";"0.0"
"47528";"Uszkodzone i nieużyteczne kartridże - Demaged and useless cartridges";"0.0";"0.0"
"47456";"UTAX  3228";"0.0";"0.0"
"40042";"UTAX  5130";"ZB";"0.0"
"47960";"UTAX  PK-3010";"0.0";"0.0"
"48038";"UTAX  PK-3013";"0.0";"0.0"
"47990";"UTAX  PK-5011 black";"0.0";"0.0"
"47989";"UTAX  PK-5011 cyan";"0.0";"0.0"
"47991";"UTAX  PK-5011 magenta";"0.0";"0.0"
"47992";"UTAX  PK-5011 yellow";"0.0";"0.0"
"48392";"Xerox  2060  6R90289-92 cmyk toner";"0.0";"0.0"
"39521";"Xerox  3010  106R02182";"ZB";"0.0"
"39905";"Xerox  3020/3025  106R02773";"5.0";"5.0"
"39323";"Xerox  3100  106R01379";"0.0";"0.0"
"39266";"Xerox  3117  106R01159";"0.0";"0.0"
"39222";"Xerox  3119  013R00625";"0.0";"0.0"
"39160";"Xerox  3120  109R00725";"0.0";"0.0"
"39468";"Xerox  3140  108R00909";"0.0";"0.0"
"47711";"Xerox  3140  108R00909 S";"0.0";"0.0"
"39240";"Xerox  3150  109R00746";"0.0";"0.0"
"47658";"Xerox  3200  113R00730";"0.0";"0.0"
"39907";"Xerox  3215/3225/3052/3260  106R02778";"0.0";"0.0"
"39415";"Xerox  3220  106R01485 1486 1487";"0.0";"0.0"
"39343";"Xerox  3250  106R01373 106R01374";"0.0";"0.0"
"39960";"Xerox  3260  650N05409  101R00474 drum";"0.0";"0.0"
"39324";"Xerox  3300  106R01412";"ZB";"0.0"
"39548";"Xerox  3320  106R02306 2308 2310 2312";"0.0";"0.0"
"40328";"Xerox  3330/3335  101R00555 OPC DRUM";"0.0";"0.0"
"40210";"Xerox  3330/3335  650N05434 106R03621 ton";"0.0";"0.0"
"39194";"Xerox  3420  106R01034";"0.0";"0.0"
"39229";"Xerox  3428  106R01246";"0.0";"0.0"
"39293";"Xerox  3435  106R01415";"0.0";"0.0"
"47626";"Xerox  3450  106R00688";"0.0";"0.0"
"39236";"Xerox  3500  106R01148 106R01149";"ZB";"0.0"
"39608";"Xerox  3550  106R01529 1530 1531";"0.0";"0.0"
"47689";"Xerox  3600  106R01371";"ZB";"0.0"
"21238";"Xerox  3610/15  106R02732 2721-24 toner";"1.0";"1.0"
"39997";"Xerox  3610/15  113R00773 drum";"0.0";"0.0"
"39364";"Xerox  3635  108R00796";"0.0";"0.0"
"40208";"Xerox  3655  106R02736/38/40";"0.0";"0.0"
"39809";"Xerox  4118  006R01278 toner";"ZB";"0.0"
"39649";"Xerox  4150  006R01276 toner";"ZB";"0.0"
"39221";"Xerox  4150  013R00623 OPC";"ZB";"0.0"
"39711";"Xerox  4250  106R01409  106R02650 toner";"0.0";"0.0"
"39833";"Xerox  4250  113R00770  113R00755  OPC";"0.0";"0.0"
"40583";"Xerox  4265  106R02735";"ZB";"0.0"
"39251";"Xerox  4500  113R00656";"0.0";"0.0"
"39697";"Xerox  4510  113R00712 113R00711";"0.0";"0.0"
"39648";"Xerox  4600  106R01535 106R01536   toner";"0.0";"0.0"
"39789";"Xerox  4600  113R00762  OPC";"0.0";"0.0"
"40041";"Xerox  5019  006R01573";"ZB";"0.0"
"47890";"Xerox  5020  OPC";"0.0";"0.0"
"39759";"Xerox  5222/5500 101R00434/113R00670 OPC";"0.0";"0.0"
"39791";"Xerox  5222/5500 106R01305/113R00668 ton";"ZB";"0.0"
"39912";"Xerox  5325/5330   006R01158  toner";"0.0";"0.0"
"39913";"Xerox  5325/5330   013R00591 OPC";"0.0";"0.0"
"40577";"Xerox  550    013R00663  drum  OPC";"0.0";"0.0"
"47967";"Xerox  550  ton  cmyk";"0.0";"0.0"
"39607";"Xerox  5550  106R01294 toner";"0.0";"0.0"
"39625";"Xerox  6000/6010  106R01631-34  toner";"0.0";"0.0"
"48414";"Xerox  6020  106R02760 cyan";"0.0";"0.0"
"48431";"Xerox  6020  106R02761 magenta";"0.0";"0.0"
"48432";"Xerox  6020  106R02762 yellow";"0.0";"0.0"
"48433";"Xerox  6020  106R02763 black";"0.0";"0.0"
"47848";"Xerox  6100  106R00676 - 84  cmyk";"0.0";"0.0"
"47646";"Xerox  6100  108R00593  OPC";"0.0";"0.0"
"47963";"Xerox  6120    cmyk";"0.0";"0.0"
"39712";"Xerox  6121  106R01473-76   1463-66 cmyk";"ZB";"0.0"
"39807";"Xerox  6121  108R00868   OPC";"0.0";"0.0"
"39363";"Xerox  6125  106R01335 - 38 cmyk";"ZB";"0.0"
"39922";"Xerox  6128  106R01456 - 59 cmyk";"ZB";"0.0"
"39362";"Xerox  6130  106R01282 - 85 cmyk toner";"ZB";"0.0"
"39921";"Xerox  6140  106R01481 - 84 cmyk toner";"ZB";"0.0"
"39799";"Xerox  6180  113R00719 - 22 cmyk START";"0.0";"0.0"
"48448";"Xerox  6180/6280      cmyk START";"0.0";"0.0"
"48443";"Xerox  6180/6280  black  BIG";"2.0";"2.0"
"39234";"Xerox  6180/6280  black  SMALL";"0.0";"0.0"
"39753";"Xerox  6180/6280  cyan  BIG";"2.0";"2.0"
"48383";"Xerox  6180/6280  cyan  SMALL";"0.0";"0.0"
"48444";"Xerox  6180/6280  magenta  BIG";"2.0";"2.0"
"48445";"Xerox  6180/6280  magenta  SMALL";"0.0";"0.0"
"48446";"Xerox  6180/6280  yellow  BIG";"2.0";"2.0"
"48447";"Xerox  6180/6280  yellow  SMALL";"0.0";"0.0"
"40582";"Xerox  6300/6350  108R00645  drum OPC";"0.0";"0.0"
"39702";"Xerox  6360  106R01218 - 21 cmyk";"0.0";"0.0"
"39869";"Xerox  6400  106R01316-1322   cmyk toner";"0.0";"0.0"
"47880";"Xerox  6400  108R00774-77   cmyk OPC";"0.0";"0.0"
"39596";"Xerox  6500  106R01598 - 1604 cmyk toner";"0.0";"0.0"
"40246";"Xerox  6510  toner 106R03488 black";"0.0";"0.0"
"41176";"Xerox  6510  toner 106R03493 cyan";"0.0";"0.0"
"41177";"Xerox  6510  toner 106R03494 magenta";"0.0";"0.0"
"41178";"Xerox  6510  toner 106R03495 yellow";"0.0";"0.0"
"50997";"Xerox  6510 Black drum";"0.0";"0.0"
"50998";"Xerox  6510 Cyan drum";"0.0";"0.0"
"50999";"Xerox  6510 Magenta drum";"0.0";"0.0"
"51000";"Xerox  6510 Yellow drum";"0.0";"0.0"
"39995";"Xerox  6600  108R01121  cmyk OPC";"0.0";"0.0"
"49240";"Xerox  6600 106R02233 cyan toner BIG";"0.0";"0.0"
"49241";"Xerox  6600 106R02234 magenta toner BIG";"0.0";"0.0"
"49242";"Xerox  6600 106R02235 yellow toner BIG";"0.0";"0.0"
"39640";"Xerox  6600 106R02236 black toner BIG";"0.0";"0.0"
"41149";"Xerox  6600 106R02249-52 cmyk ton SMALL";"0.0";"0.0"
"39713";"Xerox  6700  106R01511-13  1523-26 cmyk";"0.0";"0.0"
"39832";"Xerox  6700  108R0971-74   cmyk OPC";"0.0";"0.0"
"47463";"Xerox  700  006R01379-1382 toner";"0.0";"0.0"
"47525";"Xerox  7100  108R01151   OPC";"0.0";"0.0"
"39703";"Xerox  7100  toner  106R02609  cyan";"0.0";"0.0"
"41168";"Xerox  7100  toner  106R02610  magenta";"0.0";"0.0"
"41169";"Xerox  7100  toner  106R02611  yellow";"0.0";"0.0"
"48278";"Xerox  7100  toner  106R02612  black";"0.0";"0.0"
"40662";"Xerox  7120  008R13089  WASTE CONTAINER";"0.0";"0.0"
"39754";"Xerox  7120  drum 013R00657  black   OPC";"0.0";"0.0"
"40898";"Xerox  7120  drum 013R00658  yellow  OPC";"0.0";"0.0"
"40899";"Xerox  7120  drum 013R00659  magenta OPC";"0.0";"0.0"
"40900";"Xerox  7120  drum 013R00660  cyan  OPC";"0.0";"0.0"
"19990";"Xerox  7120  toner  006R01461  black";"0.0";"0.0"
"25812";"Xerox  7120  toner  006R01462  yellow";"0.0";"0.0"
"40897";"Xerox  7120  toner  006R01463  magenta";"0.0";"0.0"
"25814";"Xerox  7120  toner  006R01464  cyan";"0.0";"0.0"
"39763";"Xerox  7132/7232  006R01270-03 toner";"ZB";"0.0"
"39844";"Xerox  7132/7232  013R00636 OPC";"ZB";"0.0"
"47850";"Xerox  7328/7335  006R01175-78 toner";"ZB";"0.0"
"39846";"Xerox  7328/7335  013R00624 OPC";"ZB";"0.0"
"39938";"Xerox  7400  106R01077-80  1150-52 toner";"0.0";"0.0"
"47897";"Xerox  7400  108R00647-0650 OPC";"0.0";"0.0"
"47526";"Xerox  7400  115R00038  FUSER";"0.0";"0.0"
"39842";"Xerox  7425  drum   013R00647  OPC";"0.0";"0.0"
"39843";"Xerox  7425/7435  006R01399-1402 toner";"ZB";"0.0"
"39932";"Xerox  7500 106R01446/445/444/443";"0.0";"0.0"
"39961";"Xerox  7500 108R00861 OPC";"0.0";"0.0"
"47891";"Xerox  7525  drum   013R00662  OPC";"0.0";"0.0"
"39788";"Xerox  7525  toner  006R01517  black";"0.0";"0.0"
"40901";"Xerox  7525  toner  006R01518  yellow";"0.0";"0.0"
"40902";"Xerox  7525  toner  006R01519  magenta";"0.0";"0.0"
"40903";"Xerox  7525  toner  006R01520  cyan";"0.0";"0.0"
"51283";"Xerox  7525 Waste toner 008R13061";"0.0";"0.0"
"47845";"Xerox  7655  006R01223 - 26  toner";"0.0";"0.0"
"47871";"Xerox  7655  013R00602-03 OPC";"0.0";"0.0"
"39994";"Xerox  7750  106R00652 - 55 toner";"0.0";"0.0"
"39633";"Xerox  7760  106R01160 - 63 toner";"ZB";"0.0"
"39840";"Xerox  7760  108R00713  OPC";"ZB";"0.0"
"39830";"Xerox  7800 106R01570-73, 1624-26 toner";"0.0";"0.0"
"39841";"Xerox  7800 106R01582 OPC";"0.0";"0.0"
"50904";"Xerox  800 006R01472";"0.0";"0.0"
"41358";"Xerox  B1022/B1025  006R01731 toner";"0.0";"0.0"
"48505";"Xerox  B215  106R04348";"0.0";"0.0"
"48912";"Xerox  B230/225/235  DRUM  013R00691";"0.0";"0.0"
"48911";"Xerox  B230/225/235  toner  006R04403";"0.0";"0.0"
"51282";"Xerox  B230/225/235  toner BIG 006R04404";"0.0";"0.0"
"49339";"Xerox  B305/B310/b315  DRUM  013R00690";"4.0";"4.0"
"49068";"Xerox  B305/B310/B315  toner  006R04380";"8.0";"8.0"
"49069";"Xerox  B305/B310/b315  toner  START";"8.0";"8.0"
"40282";"Xerox  B400  106R03582";"1.0";"1.0"
"41332";"Xerox  B400/B405   101R00554  DRUM";"0.0";"0.0"
"40886";"Xerox  B600  106R03946";"0.0";"0.0"
"41102";"Xerox  B600  DRUM  101R00582";"0.0";"0.0"
"40883";"Xerox  B7025/7030/7035  106R03396";"0.0";"0.0"
"49265";"Xerox  B7025/7030/7035  113R00779 Drum";"0.0";"0.0"
"49177";"Xerox  B7100 006R01819";"0.0";"0.0"
"51291";"Xerox  B7125 B7130 B7135 toner   black";"0.0";"0.0"
"51903";"Xerox  B7125 DRUM";"0.0";"0.0"
"49173";"Xerox  B9100  DRUM  013R00684";"0.0";"0.0"
"49174";"Xerox  B9100  toner  006R01766";"0.0";"0.0"
"51051";"Xerox  C230  cmyk  START";"0.0";"0.0"
"48648";"Xerox  C230 black 006R04395";"2.0";"2.0"
"49327";"Xerox  C230 black START";"0.0";"0.0"
"48649";"Xerox  C230 cyan 006R04396";"2.0";"2.0"
"51048";"Xerox  C230 cyan START";"0.0";"0.0"
"49278";"Xerox  C230 magenta  006R04397";"2.0";"2.0"
"51049";"Xerox  C230 magenta START";"0.0";"0.0"
"49279";"Xerox  C230 yellow  006R04398";"2.0";"2.0"
"51050";"Xerox  C230 yellow START";"0.0";"0.0"
"48954";"Xerox  C400/405 106R03520  black 5K SMALL";"0.0";"0.0"
"48955";"Xerox  C400/405 106R03521  yellow 4,8K SMALL";"0.0";"0.0"
"48960";"Xerox  C400/405 106R03522  cyan 4,8K SMALL";"0.0";"0.0"
"48957";"Xerox  C400/405 106R03523  magenta 4,8K SMALL";"0.0";"0.0"
"40293";"Xerox  C400/405 106R03532  black 10,5K BIG";"0.0";"0.0"
"48956";"Xerox  C400/405 106R03533  yellow 8K BIG";"0.0";"0.0"
"48959";"Xerox  C400/405 106R03534  cyan 8K BIG";"0.0";"0.0"
"48958";"Xerox  C400/405 106R03535  magenta 8K BIG";"0.0";"0.0"
"50978";"Xerox  C410   DRUM  013R00700";"0.0";"0.0"
"50974";"Xerox  C410 black  006R04764";"4.0";"4.0"
"51705";"Xerox  C410 black  BIG";"4.0";"4.0"
"50977";"Xerox  C410 cyan  006R04765";"4.0";"4.0"
"51707";"Xerox  C410 cyan  BIG";"4.0";"4.0"
"50976";"Xerox  C410 magenta  006R04766";"4.0";"4.0"
"51708";"Xerox  C410 magenta  BIG";"4.0";"4.0"
"50975";"Xerox  C410 yellow  006R04767";"4.0";"4.0"
"51709";"Xerox  C410 yellow  BIG";"4.0";"4.0"
"40884";"Xerox  C500 black  106R03887";"0.0";"0.0"
"48728";"Xerox  C500 black  108R01484 drum";"0.0";"0.0"
"41096";"Xerox  C500 cyan   106R03884";"0.0";"0.0"
"48729";"Xerox  C500 cyan  108R01481 drum";"0.0";"0.0"
"41097";"Xerox  C500 magenta   106R03885";"0.0";"0.0"
"48730";"Xerox  C500 magenta  108R01482 drum";"0.0";"0.0"
"41098";"Xerox  C500 yellow   106R03886";"0.0";"0.0"
"48731";"Xerox  C500 yellow  108R01483 drum";"0.0";"0.0"
"41172";"Xerox  C600/605  black 106R03931 toner";"0.0";"0.0"
"40639";"Xerox  C600/605  cyan 106R03928 toner";"0.0";"0.0"
"41170";"Xerox  C600/605  magenta 106R03929 toner";"0.0";"0.0"
"41171";"Xerox  C600/605  yellow 106R03930 toner";"0.0";"0.0"
"41101";"Xerox  C600/605 DRUM black 108R01488";"0.0";"0.0"
"40640";"Xerox  C600/605 DRUM cyan 108R01485";"0.0";"0.0"
"41099";"Xerox  C600/605 DRUM magenta 108R01486";"0.0";"0.0"
"41100";"Xerox  C600/605 DRUM yellow 108R01487";"0.0";"0.0"
"48394";"Xerox  C7000   drum 113R00782 OPC cmyk";"0.0";"0.0"
"41385";"Xerox  C7000   toner  106R03765  black";"0.0";"0.0"
"41388";"Xerox  C7000   toner  106R03766  yellow";"0.0";"0.0"
"41387";"Xerox  C7000   toner  106R03767  magenta";"0.0";"0.0"
"41386";"Xerox  C7000   toner  106R03768  cyan";"0.0";"0.0"
"47964";"Xerox  C7020   drum 113R00780 OPC cmyk";"0.0";"0.0"
"40575";"Xerox  C7020   toner 106R03745  black";"0.0";"0.0"
"41368";"Xerox  C7020   toner 106R03746  yellow";"0.0";"0.0"
"41367";"Xerox  C7020   toner 106R03747  magenta";"0.0";"0.0"
"41366";"Xerox  C7020   toner 106R03748  cyan";"0.0";"0.0"
"40576";"Xerox  C80/180  cmyk";"0.0";"0.0"
"49182";"Xerox  C8000  cmyk 101R00602 drum";"0.0";"0.0"
"49179";"Xerox  C8000  toner  106R04050 / 106R04054 cyan";"0.0";"0.0"
"49180";"Xerox  C8000  toner  106R04055 magenta";"0.0";"0.0"
"49181";"Xerox  C8000  toner  106R04056 yellow";"0.0";"0.0"
"49178";"Xerox  C8000  toner  106R04057 black";"0.0";"0.0"
"48989";"Xerox  C8130  toner  006R01754 black";"0.0";"0.0"
"48990";"Xerox  C8130  toner  006R01755 cyan";"0.0";"0.0"
"48991";"Xerox  C8130  toner  006R01756 magenta";"0.0";"0.0"
"48992";"Xerox  C8130  toner  006R01757 yellow";"0.0";"0.0"
"48732";"Xerox  C8130/8145 cmyk 013R00681 drum";"0.0";"0.0"
"48522";"Xerox  C8145  toner  006R01758 black BIG";"0.0";"0.0"
"48523";"Xerox  C8145  toner  006R01759 cyan BIG";"0.0";"0.0"
"48524";"Xerox  C8145  toner  006R01760 magen BIG";"0.0";"0.0"
"48525";"Xerox  C8145  toner  006R01761 yello BIG";"0.0";"0.0"
"40578";"Xerox  DC1632/2240/3535  006R01122-25";"ZB";"0.0"
"39926";"Xerox  DC332/340/432/440 113R318";"0.0";"0.0"
"39790";"Xerox  M118 / C118  006R01179";"0.0";"0.0"
"39806";"Xerox  M15, Pro 412 106R00586  toner";"ZB";"0.0"
"47849";"Xerox  M15, Pro 412 113R00663  OPC";"ZB";"0.0"
"39265";"Xerox  M20  106R01048  toner";"0.0";"0.0"
"39808";"Xerox  M20  113R00671  OPC";"0.0";"0.0"
"47893";"Xerox  N24 N32 113R184";"0.0";"0.0"
"39202";"Xerox  P8e  113R296";"ZB";"0.0"
"39107";"Xerox  PE120  013R00606 113R00606";"ZB";"0.0"
"47627";"Xerox  PE16   013R00667  113R00667";"0.0";"0.0"
"39209";"Xerox  PE220 013R00621";"0.0";"0.0"
"41202";"Xerox  SC2020 toner  006R01693 black";"0.0";"0.0"
"41203";"Xerox  SC2020 toner  006R01694 cyan";"0.0";"0.0"
"41204";"Xerox  SC2020 toner  006R01695 magenta";"0.0";"0.0"
"41205";"Xerox  SC2020 toner  006R01696 yellow";"0.0";"0.0"
"52004";"Xerox  VERSANT 80  006R01638 Black";"0.0";"0.0"
"52005";"Xerox  VERSANT 80  006R01639 Cyan";"0.0";"0.0"
"52006";"Xerox  VERSANT 80  006R01640 Magenta";"0.0";"0.0"
"52007";"Xerox  VERSANT 80  006R01641 Yellow";"0.0";"0.0"
"48939";"Xerox  VERSANT 80  113R00676 DRUM";"0.0";"0.0"
"51082";"XEROX VERSALINK C7120 006R01824 black";"0.0";"0.0"
"51083";"XEROX VERSALINK C7120 006R01825 cyan";"0.0";"0.0"
"51084";"XEROX VERSALINK C7120 006R01826 magenta";"0.0";"0.0"
"51085";"XEROX VERSALINK C7120 006R01827 yellow";"0.0";"0.0"
"51599";"Xerox VersaLink C9000 Black";"0.0";"0.0"
"51597";"Xerox VersaLink C9000 Cyan";"0.0";"0.0"
"51596";"Xerox VersaLink C9000 Magenta";"0.0";"0.0"
"51598";"Xerox VersaLink C9000 Yellow";"0.0";"0.0"
"19814";"zużyte kartridże do drukarek - mix";"0.0";"0.0"
